date,symbol,open,close,low,high,volume
2019-07-11,GOOG,57.162498,57.210499,56.979,57.6535,23910000
2019-07-12,GOOG,57.199501,57.244999,56.938999,57.367001,17280000
2019-07-15,GOOG,57.342999,57.516998,56.970001,57.541,18076000
2019-07-16,GOOG,57.299999,57.679001,57.25,57.929001,24776000
2019-07-17,GOOG,57.5485,57.317501,57.288502,57.917999,23400000
2019-07-18,GOOG,57.087002,57.316502,56.636501,57.380249,25814000
2019-07-19,GOOG,57.4095,56.505001,56.480999,57.556999,32944000
2019-07-22,GOOG,56.672501,56.9035,56.212002,56.962502,26030000
2019-07-23,GOOG,57.200001,57.310501,56.59,57.345001,21874000
2019-07-24,GOOG,56.595001,56.890499,56.349499,57.200001,31796000
2019-07-25,GOOG,56.890999,56.605999,56.046001,57.084999,44196000
2019-07-26,GOOG,61.202,62.5205,61.200001,63.2775,96116000
2019-07-29,GOOG,62.052502,61.970501,61.411499,62.3685,44474000
2019-07-30,GOOG,61.2705,61.257,61.165001,61.7435,29066000
2019-07-31,GOOG,61.150002,60.834,60.388199,61.700001,34510000
2019-08-01,GOOG,60.7015,60.4505,60.285999,61.705502,33970000
2019-08-02,GOOG,60.036999,59.699501,59.446999,60.345001,32902000
2019-08-05,GOOG,58.501999,57.616001,57.007,58.762001,51950000
2019-08-06,GOOG,58.165501,58.497501,58,58.998001,34188000
2019-08-07,GOOG,57.799999,58.699501,57.481201,58.922249,28886000
2019-08-08,GOOG,59.141499,60.240002,58.651001,60.2505,29360000
2019-08-09,GOOG,59.899502,59.400501,59.180149,60.194,21314000
2019-08-12,GOOG,58.960499,58.7355,58.383598,59.248001,20060000
2019-08-13,GOOG,58.573002,59.863499,58.573002,60.238998,25888000
2019-08-14,GOOG,58.815498,58.2145,58.027,59.115002,31574000
2019-08-15,GOOG,58.174999,58.362999,58.105499,58.792,24374000
2019-08-16,GOOG,58.977501,58.880001,58.5905,59.136002,26266000
2019-08-19,GOOG,59.504501,59.922501,59.504501,60.349499,24632000
2019-08-20,GOOG,59.762501,59.134499,59.105499,59.803001,18310000
2019-08-21,GOOG,59.657501,59.5625,59.371498,59.950001,14814000
2019-08-22,GOOG,59.703499,59.476501,58.929001,59.9006,18950000
2019-08-23,GOOG,59.099499,57.564499,57.387501,59.703999,33740000
2019-08-26,GOOG,57.862999,58.4445,57.647999,58.473499,24522000
2019-08-27,GOOG,59.026501,58.391998,58.072498,59.119999,21544000
2019-08-28,GOOG,58.085499,58.550999,57.865002,58.820999,16040000
2019-08-29,GOOG,59.056,59.642502,59.056,59.803001,21768000
2019-08-30,GOOG,59.924999,59.404999,59.190151,59.924999,22596000
2019-09-03,GOOG,58.851501,58.419498,58.16,59.344501,29598000
2019-09-04,GOOG,58.835499,59.070499,58.549999,59.174,21378000
2019-09-05,GOOG,59.5765,60.569,59.5765,60.652,28162000
2019-09-06,GOOG,60.406502,60.246498,60.126099,60.60075,21442000
2019-09-09,GOOG,60.200001,60.220501,59.631001,61,29438000
2019-09-10,GOOG,59.7575,60.299999,59.729,60.5,25202000
2019-09-11,GOOG,60.170502,61.008499,60.110001,61.130001,26140000
2019-09-12,GOOG,61.215,61.712502,61.151001,62.092999,34518000
2019-09-13,GOOG,61.567501,61.978001,61.350498,62.043999,26028000
2019-09-16,GOOG,61.476002,61.564999,61.280499,61.978001,21066000
2019-09-17,GOOG,61.52,61.4575,61.184502,61.75,19102000
2019-09-18,GOOG,61.3755,61.620499,60.8265,61.780499,22702000
2019-09-19,GOOG,61.603001,61.935501,61.601002,62.222,19920000
2019-09-20,GOOG,61.655998,61.496498,61.153999,62.166,45400000
2019-09-23,GOOG,61.299999,61.7015,61.2085,61.954498,21248000
2019-09-24,GOOG,62,60.938,60.534,62.337002,31664000
2019-09-25,GOOG,60.791,62.326,60.504501,62.415001,29060000
2019-09-26,GOOG,62.098,62.0695,61.6134,62.25,30760000
2019-09-27,GOOG,62.150501,61.254501,60.7225,62.201,27078000
2019-09-30,GOOG,61.0485,60.950001,60.615002,61.299999,28082000
2019-10-01,GOOG,60.950001,60.255001,60.179001,61.561501,25470000
2019-10-02,GOOG,59.848999,58.831501,58.564499,59.848999,32302000
2019-10-03,GOOG,59,59.391499,58.121498,59.452999,32424000
2019-10-04,GOOG,59.594501,60.450001,59.4585,60.571999,23248000
2019-10-07,GOOG,60.220001,60.383999,60.1875,60.910198,16858000
2019-10-08,GOOG,59.879501,59.456501,59.4505,60.304001,20786000
2019-10-09,GOOG,59.967499,60.115501,59.8815,60.4175,17354000
2019-10-10,GOOG,59.929001,60.433498,59.867001,60.75,16932000
2019-10-11,GOOG,61.1105,60.772499,60.687,61.419498,25454000
2019-10-14,GOOG,60.617001,60.856998,60.588001,61.316502,17350000
2019-10-15,GOOG,61.02,62.150501,61.02,62.366501,27634000
2019-10-16,GOOG,62.058498,62.181999,61.922501,62.737,21892000
2019-10-17,GOOG,62.546501,62.6535,62.497002,63.166248,19048000
2019-10-18,GOOG,62.673,62.274502,62.054001,62.9445,27056000
2019-10-21,GOOG,62.612999,62.307499,62.029999,62.731449,20544000
2019-10-22,GOOG,62.392502,62.139999,62.069,62.529999,20476000
2019-10-23,GOOG,62.118,62.956501,62.118,62.994499,18230000
2019-10-24,GOOG,63.044998,63.0495,62.685749,63.200001,20562000
2019-10-25,GOOG,62.551498,63.2565,62.5005,63.48,24262000
2019-10-28,GOOG,63.772499,64.5,63.626999,64.9655,52264000
2019-10-29,GOOG,63.811501,63.131001,62.8606,64.079498,37728000
2019-10-30,GOOG,62.648499,63.064499,62.599998,63.467999,28178000
2019-10-31,GOOG,63.063999,63.005501,62.542149,63.383499,29114000
2019-11-01,GOOG,63.25,63.687,63.025002,63.730999,33402000
2019-11-04,GOOG,63.822498,64.568497,63.817749,64.706497,30020000
2019-11-05,GOOG,64.644501,64.601501,64.561447,64.946503,25654000
2019-11-06,GOOG,64.473,64.589996,64.125,64.686501,23060000
2019-11-07,GOOG,64.713997,65.443001,64.71225,66.186996,40600000
2019-11-08,GOOG,65.264,65.568497,65.218246,65.900002,25028000
2019-11-11,GOOG,65.158997,64.959503,64.870499,65.321251,20238000
2019-11-12,GOOG,65,64.940002,64.788498,65.5,21718000
2019-11-13,GOOG,64.703499,64.900002,64.675499,65.214996,16534000
2019-11-14,GOOG,64.875,65.572998,64.782501,65.849998,23870000
2019-11-15,GOOG,65.946999,66.7435,65.713997,66.744003,35652000
2019-11-18,GOOG,66.611,66.035004,65.875,66.776451,29748000
2019-11-19,GOOG,66.385002,65.773003,65.639999,66.385002,25384000
2019-11-20,GOOG,65.586998,65.152496,64.557503,65.75,26172000
2019-11-21,GOOG,65.073997,65.067497,64.650002,65.629501,19910000
2019-11-22,GOOG,65.280998,64.766998,64.570503,65.436501,27714000
2019-11-25,GOOG,64.959,65.334503,64.906502,65.565498,20724000
2019-11-26,GOOG,65.492996,65.677498,65.254501,65.739998,21394000
2019-11-27,GOOG,65.75,65.649498,65.481499,65.917999,19912000
2019-11-29,GOOG,65.356003,65.248001,65.198502,65.510246,11740000
2019-12-02,GOOG,65.050003,64.496002,64.050003,65.291496,30218000
2019-12-03,GOOG,63.9785,64.764,63.950001,64.92305,22876000
2019-12-04,GOOG,65.350502,66.027,65.2435,66.290001,30750000
2019-12-05,GOOG,66.400002,66.406502,65.821999,66.467903,24254000
2019-12-06,GOOG,66.671997,67.030998,66.671997,67.199997,26296000
2019-12-09,GOOG,66.902,67.178001,66.891998,67.972504,27086000
2019-12-10,GOOG,67.074997,67.233002,66.802002,67.498749,21882000
2019-12-11,GOOG,67.542,67.250999,67.133499,67.559998,17008000
2019-12-12,GOOG,67.296997,67.513496,67.025002,67.78875,25620000
2019-12-13,GOOG,67.397499,67.391502,67.193497,67.654648,30992000
2019-12-16,GOOG,67.824997,68.058502,67.633499,68.234001,27946000
2019-12-17,GOOG,68.144501,67.755997,67.566147,68.25,37080000
2019-12-18,GOOG,67.830002,67.630997,67.550003,68.023499,30452000
2019-12-19,GOOG,67.591003,67.802002,67.449249,67.904999,29398000
2019-12-20,GOOG,68.167503,67.4795,67.449997,68.181999,66300000
2019-12-23,GOOG,67.793503,67.442001,67.3255,67.989998,17662000
2019-12-24,GOOG,67.425003,67.178001,67.139,67.513,6950000
2019-12-26,GOOG,67.308502,68.019997,67.223503,68.066353,13350000
2019-12-27,GOOG,68.149498,67.594498,67.4655,68.226501,20768000
2019-12-30,GOOG,67.5,66.806999,66.700996,67.650002,21018000
2019-12-31,GOOG,66.505501,66.850998,66.454247,66.900002,19236000
2020-01-02,GOOG,67.077499,68.3685,67.077499,68.406998,28132000
2020-01-03,GOOG,67.392998,68.032997,67.277199,68.625,23728000
2020-01-06,GOOG,67.5,69.710503,67.5,69.824997,34646000
2020-01-07,GOOG,69.897003,69.667,69.518997,70.149498,30054000
2020-01-08,GOOG,69.603996,70.216003,69.542,70.579002,30560000
2020-01-09,GOOG,71.028503,70.991501,70.513496,71.366501,30018000
2020-01-10,GOOG,71.377998,71.486504,70.917503,71.746452,36414000
2020-01-13,GOOG,71.806503,71.961502,71.301003,72.026001,33046000
2020-01-14,GOOG,71.9505,71.543999,71.418503,72.089996,31178000
2020-01-15,GOOG,71.510498,71.959999,71.510498,72.069748,25654000
2020-01-16,GOOG,72.372002,72.584999,72.045998,72.599503,23474000
2020-01-17,GOOG,73.1455,74.019501,72.911003,74.064751,47924000
2020-01-21,GOOG,73.956001,74.220001,73.559998,74.592499,40734000
2020-01-22,GOOG,74.550003,74.297501,74.246498,75.160698,32216000
2020-01-23,GOOG,74.382004,74.332497,74.105003,74.776001,27024000
2020-01-24,GOOG,74.679497,73.335503,73.262497,74.77475,35692000
2020-01-27,GOOG,71.550003,71.695,71.059998,71.903503,35104000
2020-01-28,GOOG,72.150002,72.627998,71.623497,72.800003,31548000
2020-01-29,GOOG,72.940002,72.931503,72.336998,73.2715,21554000
2020-01-30,GOOG,71.998001,72.792,71.82,72.863998,26788000
2020-01-31,GOOG,73.445,71.711502,71.426498,73.5065,48344000
2020-02-03,GOOG,73.099998,74.296997,72.949501,74.5,60736000
2020-02-04,GOOG,72.8535,72.3535,71.315002,73.474998,78660000
2020-02-05,GOOG,73.121002,72.411499,71.528,73.192001,39724000
2020-02-06,GOOG,72.516502,73.811501,72.4785,74.099998,33588000
2020-02-07,GOOG,73.364998,73.961502,73.317497,74.292,23446000
2020-02-10,GOOG,73.716003,75.433998,73.716003,75.474998,28398000
2020-02-11,GOOG,75.5905,75.439499,75.281898,76.481499,26892000
2020-02-12,GOOG,75.723999,75.913498,75.405502,76.034752,23352000
2020-02-13,GOOG,75.634499,75.733002,75.230003,76.359001,18590000
2020-02-14,GOOG,75.779999,76.037003,75.366997,76.037003,23956000
2020-02-18,GOOG,75.75,75.983498,75.629501,76.581497,22414000
2020-02-19,GOOG,76.253502,76.334503,76.07,76.605301,18986000
2020-02-20,GOOG,76.099998,75.907501,75.341003,76.482002,21932000
2020-02-21,GOOG,75.401497,74.255501,74.022003,75.610748,34634000
2020-02-24,GOOG,71.305496,71.079498,70.569504,71.848503,57342000
2020-02-25,GOOG,71.650002,69.422501,69.120003,71.906998,49566000
2020-02-26,GOOG,69.806999,69.658997,68.949997,70.785004,44048000
2020-02-27,GOOG,68.102997,65.904503,65.858498,68.585197,59566000
2020-02-28,GOOG,63.875,66.966499,63.549999,67.056999,75782000
2020-03-02,GOOG,67.580498,69.455498,66.340752,69.543503,48630000
2020-03-03,GOOG,69.971001,67.069504,66.599998,70.5075,48046000
2020-03-04,GOOG,67.961502,69.325996,67.155502,69.404503,38266000
2020-03-05,GOOG,67.510002,65.952003,65.254997,67.945503,51226000
2020-03-06,GOOG,63.853001,64.920502,63.052502,65.310997,53212000
2020-03-09,GOOG,60.264999,60.778,60,62.737999,67308000
2020-03-10,GOOG,63,64.019501,60.938499,64.057503,52228000
2020-03-11,GOOG,62.485001,60.7705,59.803501,63.048,52170000
2020-03-12,GOOG,56.299999,55.745499,55.665001,59.693501,84534000
2020-03-13,GOOG,58.950001,60.9865,55.857151,60.987999,74002000
2020-03-16,GOOG,54.799999,54.216499,53.722,57.61335,85048000
2020-03-17,GOOG,54.655499,55.990002,52.800499,56.542999,77230000
2020-03-18,GOOG,52.8255,54.84,51.863998,55.325001,84668000
2020-03-19,GOOG,54.6525,55.7645,53.005402,57.898499,73022000
2020-03-20,GOOG,56.785999,53.616001,53.274502,57.199501,72036000
2020-03-23,GOOG,53.066002,52.831001,50.6768,53.566002,80882000
2020-03-24,GOOG,55.188499,56.723,54.530998,56.75,66890000
2020-03-25,GOOG,56.323502,55.1245,54.300499,57.445,81630000
2020-03-26,GOOG,55.59,58.087502,54.676498,58.498501,71434000
2020-03-27,GOOG,56.283501,55.5355,55.295502,57.533501,64170000
2020-03-30,GOOG,56.251999,57.341,54.824001,57.581501,51482000
2020-03-31,GOOG,57.365002,58.140499,56.907001,58.765499,49728000
2020-04-01,GOOG,56.099998,55.280998,54.872501,56.484501,46884000
2020-04-02,GOOG,54.912998,56.042,54.82,56.342999,39298000
2020-04-03,GOOG,55.950748,54.894001,53.990501,56.176998,46268000
2020-04-06,GOOG,56.900002,59.346001,56.547001,59.733002,53294000
2020-04-07,GOOG,61.049999,59.3255,59.1115,61.25,47746000
2020-04-08,GOOG,60.325001,60.514,59.408001,60.953499,39502000
2020-04-09,GOOG,61.203999,60.572498,59.83675,61.2785,43508000
2020-04-13,GOOG,60.459,60.877998,59.379902,61.025501,34796000
2020-04-14,GOOG,62.254501,63.461498,61.8465,64.1035,49408000
2020-04-15,GOOG,62.280499,63.123501,62.02,64.023003,33434000
2020-04-16,GOOG,63.705002,63.1735,62.131001,63.950001,50362000
2020-04-17,GOOG,64.2425,64.162498,63.561501,64.721497,38980000
2020-04-20,GOOG,63.549999,63.330502,63.068501,64.080002,33910000
2020-04-21,GOOG,62.349998,60.817001,60.4855,62.713501,43060000
2020-04-22,GOOG,62.277,63.1605,62.099998,64.280647,41848000
2020-04-23,GOOG,63.577499,63.815498,63.283501,64.665497,31324000
2020-04-24,GOOG,63.058498,63.9655,62.4725,64.019997,32792000
2020-04-27,GOOG,64.800003,63.793999,63.450001,64.807503,32012000
2020-04-28,GOOG,64.3965,61.683498,61.610001,64.402496,59026000
2020-04-29,GOOG,67.072998,67.073997,66.266998,67.999496,75872000
2020-04-30,GOOG,66.244003,67.432999,66.124496,67.640999,53378000
2020-05-01,GOOG,66.425003,66.030502,65.550003,67.6035,41450000
2020-05-04,GOOG,65.411499,66.339996,64.949997,66.383003,30080000
2020-05-05,GOOG,66.896004,67.555496,66.873001,68.696999,33030000
2020-05-06,GOOG,68.084503,67.364998,67.364502,68.556,24308000
2020-05-07,GOOG,68.296997,68.627998,67.763496,68.879997,27952000
2020-05-08,GOOG,69.156502,69.418503,68.774002,69.938004,27738000
2020-05-11,GOOG,68.914001,70.163002,68.857597,70.8265,28242000
2020-05-12,GOOG,70.356003,68.787003,68.738503,70.75,27812000
2020-05-13,GOOG,68.852501,67.466499,66.419998,69.274101,36252000
2020-05-14,GOOG,66.750999,67.806503,66.195503,67.871002,32062000
2020-05-15,GOOG,67.5,68.6595,66.949997,68.723999,34154000
2020-05-18,GOOG,68.087502,69.196999,67.712502,69.616249,36448000
2020-05-19,GOOG,69.349854,68.674248,68.674248,69.599998,25612000
2020-05-20,GOOG,69.478996,70.335999,69.362503,70.521004,33108000
2020-05-21,GOOG,70.400002,70.139999,69.672501,70.774498,27700000
2020-05-22,GOOG,69.835503,70.521004,69.591499,70.638,26188000
2020-05-26,GOOG,71.863503,70.850998,70.606499,72.050003,41212000
2020-05-27,GOOG,70.862503,70.891998,69.564499,71.086998,33716000
2020-05-28,GOOG,69.843002,70.836502,69.800003,72.042,33844000
2020-05-29,GOOG,70.847,71.445999,70.667503,71.628502,36418000
2020-06-01,GOOG,70.919502,71.591003,70.900002,71.898003,24342000
2020-06-02,GOOG,71.527496,71.960999,70.941498,71.980499,25562000
2020-06-03,GOOG,71.915001,71.819,71.488853,72.327599,25124000
2020-06-04,GOOG,71.519997,70.609001,70.236504,71.947998,29686000
2020-06-05,GOOG,70.658501,71.919502,70.300003,72.252502,34698000
2020-06-08,GOOG,71.116997,72.330498,71.116997,72.399498,28084000
2020-06-09,GOOG,72.267998,72.807999,72.1605,73.400002,28184000
2020-06-10,GOOG,72.976997,73.292503,72.813499,73.712952,30504000
2020-06-11,GOOG,72.124001,70.192001,70.099998,72.723747,39826000
2020-06-12,GOOG,71.4245,70.658997,69.301003,71.849998,38928000
2020-06-15,GOOG,69.540001,70.9925,69.396004,71.239998,30078000
2020-06-16,GOOG,72.261002,72.136002,71.294998,72.750999,34184000
2020-06-17,GOOG,72.358002,72.556,71.569,73,30992000
2020-06-18,GOOG,72.458,71.797997,71.350502,72.570503,31638000
2020-06-19,GOOG,72.199997,71.585999,71.067497,72.389999,63158000
2020-06-22,GOOG,71.449997,72.593002,71.1605,72.637497,30848000
2020-06-23,GOOG,72.781998,73.220497,72.262001,73.79705,28596000
2020-06-24,GOOG,73.0755,71.598503,71.487503,73.771004,35120000
2020-06-25,GOOG,71.495003,72.066498,71,72.144997,24610000
2020-06-26,GOOG,71.569504,67.995003,67.599503,71.672501,85354000
2020-06-29,GOOG,67.908997,69.748497,67.350502,69.779999,36204000
2020-06-30,GOOG,69.522003,70.680496,69.197998,70.932503,40848000
2020-07-01,GOOG,70.555,71.902,70.490997,72.150002,35504000
2020-07-02,GOOG,72.347,73.235001,72.320999,74.147499,37182000
2020-07-06,GOOG,74.002998,74.785004,73.642998,75.329498,31280000
2020-07-07,GOOG,74.5,74.259003,74.177498,75.839996,29164000
2020-07-08,GOOG,74.716003,74.800003,74.281502,75.293999,24994000
2020-07-09,GOOG,75.322502,75.5495,74.404251,76.136002,28466000
2020-07-10,GOOG,75.307503,77.086998,74.827003,77.191498,37126000
2020-07-13,GOOG,77.5,75.567001,75.262154,78.856598,36928000
2020-07-14,GOOG,74.515503,76.028999,74.175003,76.147499,31700000
2020-07-15,GOOG,76.156502,75.681999,74.900002,76.766502,32214000
2020-07-16,GOOG,75,75.900002,74.315498,75.934502,30386000
2020-07-17,GOOG,76.081001,75.777496,74.920998,76.171997,29134000
2020-07-20,GOOG,75.763,78.286003,75.18,78.514503,31146000
2020-07-21,GOOG,79.349503,77.920998,77.713997,79.349503,24324000
2020-07-22,GOOG,78.025002,78.4245,77.305,78.5,18640000
2020-07-23,GOOG,78.348503,75.783997,75.369598,78.593498,32552000
2020-07-24,GOOG,74.946503,75.593498,74.419998,75.881798,30880000
2020-07-27,GOOG,75.779999,76.510002,75.760498,77.0485,24920000
2020-07-28,GOOG,76.259003,75.016998,74.883003,76.323997,34044000
2020-07-29,GOOG,75.316002,76.100998,75.066498,76.562599,22130000
2020-07-30,GOOG,74.849998,76.572502,74.611,76.893501,33428000
2020-07-31,GOOG,75.250504,74.148003,72.7015,75.447502,68798000
2020-08-03,GOOG,74.332001,73.722504,73.281998,74.523499,46604000
2020-08-04,GOOG,73.828499,73.248497,72.932503,74.278,38070000
2020-08-05,GOOG,73.464996,73.680496,73.172997,74.120499,39590000
2020-08-06,GOOG,73.587502,75.004997,73.300003,75.119499,39908000
2020-08-07,GOOG,75,74.724503,74.082001,75.842247,31556000
2020-08-10,GOOG,74.359001,74.805,73.653999,75.203751,25786000
2020-08-11,GOOG,74.622002,74.015999,73.900002,75.5,29088000
2020-08-12,GOOG,74.278999,75.331001,74.262497,75.619301,28740000
2020-08-13,GOOG,75.516998,75.922501,75.400253,76.862503,29104000
2020-08-14,GOOG,75.782997,75.386497,75.143997,76.095001,27096000
2020-08-17,GOOG,75.733498,75.899002,75.398499,76.280502,27566000
2020-08-18,GOOG,76.308998,77.93,76.185501,78.123497,40542000
2020-08-19,GOOG,77.665497,77.376503,77.197502,78.683998,33212000
2020-08-20,GOOG,77.172501,79.087502,76.910004,79.293503,34138000
2020-08-21,GOOG,78.851501,79.021004,78.400253,79.886002,28930000
2020-08-24,GOOG,79.698997,79.410004,79.028503,80.708504,28198000
2020-08-25,GOOG,79.1035,80.411003,79.1035,80.581001,44942000
2020-08-26,GOOG,80.400002,82.619003,80.18,82.960999,79868000
2020-08-27,GOOG,82.683998,81.716499,81.287498,82.75,37232000
2020-08-28,GOOG,81.6745,82.220497,81.537498,82.358498,29980000
2020-08-31,GOOG,82.394501,81.709,81.515503,82.398247,36468000
2020-09-01,GOOG,81.831497,83.0355,81.611,83.286499,36506000
2020-09-02,GOOG,83.688751,86.414001,83.316498,86.658997,50224000
2020-09-03,GOOG,85.485703,82.092003,80.752998,85.485703,62156000
2020-09-04,GOOG,81.212997,79.552002,77.380653,82.255501,52172000
2020-09-08,GOOG,76.675499,76.619499,76.400497,78.193253,52218000
2020-09-09,GOOG,77.876503,77.848,76.802551,78.449997,35494000
2020-09-10,GOOG,78.031998,76.600998,76.290253,79.204048,32372000
2020-09-11,GOOG,76.800003,76.036003,74.867996,78.760002,31942000
2020-09-14,GOOG,76.950249,75.963997,75.787003,78.199997,33932000
2020-09-15,GOOG,76.800003,77.071999,76.591751,77.9785,26622000
2020-09-16,GOOG,77.777,76.044998,75.990997,78.099998,26234000
2020-09-17,GOOG,74.800003,74.776497,73.5,75.414902,37596000
2020-09-18,GOOG,74.900497,72.999496,71.856499,75.150146,62078000
2020-09-21,GOOG,72.002998,71.557999,70.327499,72.417999,57776000
2020-09-22,GOOG,72.504501,73.273003,71.726501,73.475998,31664000
2020-09-23,GOOG,72.939003,70.760498,70.385002,73.047997,33148000
2020-09-24,GOOG,70.551498,71.414497,70.4925,72.185448,29004000
2020-09-25,GOOG,71.6315,72.248001,70.667,72.5,26460000
2020-09-28,GOOG,73.710503,73.225998,72.46505,73.839996,40158000
2020-09-29,GOOG,73.519501,73.466499,72.940247,73.833153,19564000
2020-09-30,GOOG,73.339996,73.480003,72.994003,74.487503,34032000
2020-10-01,GOOG,74.213501,74.504501,73.960503,74.952003,35590000
2020-10-02,GOOG,73.101501,72.920998,72.545998,74.160004,25682000
2020-10-05,GOOG,73.310501,74.301003,73.213501,74.4105,22266000
2020-10-06,GOOG,73.778999,72.671997,72.429497,74.337997,24908000
2020-10-07,GOOG,73.2145,73.014503,71.800003,73.447998,34924000
2020-10-08,GOOG,73.254501,74.296501,73.254501,74.5,23756000
2020-10-09,GOOG,74.735001,75.761002,74.472504,75.825996,28706000
2020-10-12,GOOG,77.150002,78.457497,76.628502,79.693001,49652000
2020-10-13,GOOG,79.186501,78.584,78.160004,79.5,32020000
2020-10-14,GOOG,78.929497,78.403999,77.526497,79.384201,38586000
2020-10-15,GOOG,77.357498,77.956497,77.251503,78.755249,30800000
2020-10-16,GOOG,78.292503,78.650497,78.150002,79.056503,28694000
2020-10-19,GOOG,79.023003,76.730499,76.400002,79.407501,32142000
2020-10-20,GOOG,76.352501,77.796501,76.283501,78.875,44834000
2020-10-21,GOOG,78.666496,79.665497,78.581497,80.936501,51366000
2020-10-22,GOOG,79.652496,80.766502,79.25,81.099503,28672000
2020-10-23,GOOG,81.303497,82.050003,81.025497,82.117996,27516000
2020-10-26,GOOG,81.250504,79.522499,78.824997,81.912003,37066000
2020-10-27,GOOG,79.783501,80.212997,79.139,80.342247,24580000
2020-10-28,GOOG,77.987,75.831001,75.731003,78.067497,36680000
2020-10-29,GOOG,76.117996,78.362,76.112,79.685501,40062000
2020-10-30,GOOG,83.605499,81.050499,80.223,84.349998,86582000
2020-11-02,GOOG,81.407997,81.301498,80.801498,83.038498,50708000
2020-11-03,GOOG,81.588997,82.510498,80.831001,83.084999,33234000
2020-11-04,GOOG,85.514,87.456497,85.301498,88.568253,71418000
2020-11-05,GOOG,89.050003,88.168503,87.525497,89.681999,41316000
2020-11-06,GOOG,87.697502,88.087502,87.017502,88.621498,33218000
2020-11-09,GOOG,89.544998,88.150002,88.000999,90.903,45366000
2020-11-10,GOOG,86.554497,87.019501,85.864998,88.150002,52722000
2020-11-11,GOOG,87.5,87.635498,87.368248,88.210999,25280000
2020-11-12,GOOG,87.3815,87.491997,87.279999,88.413498,24950000
2020-11-13,GOOG,87.8815,88.850998,87.227501,89.052002,29998000
2020-11-16,GOOG,88.584999,89.069,88.384499,89.953499,24936000
2020-11-17,GOOG,88.847,88.5075,88.349998,89.25,22942000
2020-11-18,GOOG,88.261497,87.338997,87.306999,88.6735,23470000
2020-11-19,GOOG,86.918999,88.195999,86.85025,88.4795,24998000
2020-11-20,GOOG,88.260498,87.109497,87.093002,88.699997,46270000
2020-11-23,GOOG,87.480003,86.742996,85.886002,87.695,43232000
2020-11-24,GOOG,86.525002,88.444,86.384499,88.580002,31560000
2020-11-25,GOOG,88.644501,88.571503,87.827003,88.927002,20916000
2020-11-27,GOOG,88.654503,89.6595,88.622002,90.199997,17698000
2020-11-30,GOOG,89.059196,88.037003,87.75,89.403252,36476000
2020-12-01,GOOG,88.718498,89.904999,88.468498,91.241501,34738000
2020-12-02,GOOG,89.904999,91.397499,89.473648,91.782501,24440000
2020-12-03,GOOG,91.2005,91.338501,91.1325,92.360001,24546000
2020-12-04,GOOG,91.225998,91.399498,90.849503,91.657997,27564000
2020-12-07,GOOG,90.949997,90.973999,90.289001,91.6185,26418000
2020-12-08,GOOG,90.504997,90.927498,89.810249,91.095001,21926000
2020-12-09,GOOG,90.600502,89.206497,88.390503,91.713501,30152000
2020-12-10,GOOG,88.489998,88.766502,87.015999,89.065498,27256000
2020-12-11,GOOG,88.153,89.088501,88,89.222504,24414000
2020-12-14,GOOG,88.75,88.002998,87.860748,89.869499,32004000
2020-12-15,GOOG,88.221001,88.388496,87.497498,88.570999,29646000
2020-12-16,GOOG,88.643997,88.150002,87.804001,88.650002,30270000
2020-12-17,GOOG,88.425499,87.394997,86.932999,88.589203,32494000
2020-12-18,GOOG,87.709,86.550499,86.011002,87.755501,80328000
2020-12-21,GOOG,85.675499,86.968498,84.949997,87.042503,36568000
2020-12-22,GOOG,86.721497,86.175003,85.628754,86.870247,18734000
2020-12-23,GOOG,86.405502,86.619003,86.251999,87.399498,20676000
2020-12-24,GOOG,86.75,86.942497,86.455498,87.300003,6936000
2020-12-28,GOOG,87.581749,88.804497,87.31675,89.5364,27860000
2020-12-29,GOOG,89.389503,87.935997,87.804497,89.622002,25988000
2020-12-30,GOOG,88.100502,86.975998,86.279999,88.254753,26122000
2020-12-31,GOOG,86.771004,87.594002,86.771004,87.946503,20238000
2021-01-04,GOOG,87.876999,86.412003,85.392502,88.032501,38038000
2021-01-05,GOOG,86.25,87.045998,85.900749,87.383499,22906000
2021-01-06,GOOG,85.1315,86.764503,84.949997,87.400002,52042000
2021-01-07,GOOG,87.002998,89.362503,86.852501,89.419998,45300000
2021-01-08,GOOG,89.399002,90.360497,88.67675,90.491997,41012000
2021-01-11,GOOG,89.303497,88.335999,88.026001,89.715752,24194000
2021-01-12,GOOG,87.695999,87.327499,86.265503,88.902,27140000
2021-01-13,GOOG,86.929001,87.720001,86.900497,88.251747,21882000
2021-01-14,GOOG,87.681,87.009003,86.669998,88.750504,23590000
2021-01-15,GOOG,86.9095,86.809502,86.077499,87.800003,26844000
2021-01-19,GOOG,87.612503,89.542999,87.072998,90.463753,34692000
2021-01-20,GOOG,91.572998,94.345001,91.276497,95.185501,49806000
2021-01-21,GOOG,94.900002,94.5625,94.355499,96.742996,41278000
2021-01-22,GOOG,94.783997,95.052498,94.087997,95.547501,25442000
2021-01-25,GOOG,96.033501,94.970001,93.376503,96.478996,38546000
2021-01-26,GOOG,94.442001,95.862,94.21225,96.25,26262000
2021-01-27,GOOG,94.126503,91.539497,90.449997,94.5,54966000
2021-01-28,GOOG,92.196999,93.155502,92.132004,94.941498,35462000
2021-01-29,GOOG,92.308502,91.787003,90.510002,92.863998,32252000
2021-02-01,GOOG,92.678497,95.067497,92.546501,96.119598,32044000
2021-02-02,GOOG,96.127998,96.375504,95.724503,97.788002,45474000
2021-02-03,GOOG,103.650002,103.503502,100.918999,105.824997,82364000
2021-02-04,GOOG,103.444504,103.1185,102.129501,103.927498,37046000
2021-02-05,GOOG,103.5,104.900002,102.966499,105.125504,30702000
2021-02-08,GOOG,105.295502,104.6455,103.599998,106.177353,24838000
2021-02-09,GOOG,103.927002,104.175499,103.927002,105.2565,17798000
2021-02-10,GOOG,104.710503,104.768997,103.154503,105.418503,22710000
2021-02-11,GOOG,104.975502,104.794502,103.865997,105.101501,18914000
2021-02-12,GOOG,104.512497,105.205498,104.156502,105.441002,17114000
2021-02-16,GOOG,105.218002,106.095001,105.218002,107.634003,22676000
2021-02-17,GOOG,105,106.415497,104.945999,106.682999,21418000
2021-02-18,GOOG,105.519501,105.860001,105.185501,106.636749,22432000
2021-02-19,GOOG,105.963501,105.056999,104.870499,106.526497,29148000
2021-02-22,GOOG,103.349998,103.244003,103.107002,104.570999,27350000
2021-02-23,GOOG,101.250504,103.542999,100.100998,104.100502,33348000
2021-02-24,GOOG,102.091499,104.758499,101.906502,105.039001,24966000
2021-02-25,GOOG,103.372498,101.568001,101.064499,104.744003,36568000
2021-02-26,GOOG,102.526001,101.843002,100.803001,103.550499,41670000
2021-03-01,GOOG,102.825996,104.0755,102.305,104.325996,28090000
2021-03-02,GOOG,103.809502,103.792,103.563004,105.218498,22692000
2021-03-03,GOOG,103.360497,101.335503,100.5,104.425903,29684000
2021-03-04,GOOG,101.168503,102.454498,101.013496,104.461998,42360000
2021-03-05,GOOG,103.655998,105.427002,102.320747,105.905502,43904000
2021-03-08,GOOG,105.056503,101.208504,101.080498,106.440498,32948000
2021-03-09,GOOG,103.5,102.635002,102.391502,103.902,33946000
2021-03-10,GOOG,103.587997,102.751503,101.668503,103.75,25372000
2021-03-11,GOOG,103.703003,105.738503,103.619003,106.285004,24782000
2021-03-12,GOOG,104.25,103.096001,102.377502,104.513,34516000
2021-03-15,GOOG,103.114998,103.324501,102.175499,103.352997,25962000
2021-03-16,GOOG,103.949501,104.625999,103.5,106.178001,29832000
2021-03-17,GOOG,103.801498,104.554001,102.699997,105.488998,25980000
2021-03-18,GOOG,103.050003,101.810997,101.677498,103.775002,27228000
2021-03-19,GOOG,102.102501,102.160004,100.884003,102.654999,46298000
2021-03-22,GOOG,102.092003,101.929497,101.303497,102.899498,39096000
2021-03-23,GOOG,102.584999,102.648003,101.960999,103.615097,27340000
2021-03-24,GOOG,103.268501,102.252998,102.077751,103.9105,23080000
2021-03-25,GOOG,102.240501,102.218002,100.536499,102.943497,28378000
2021-03-26,GOOG,101.943001,101.777496,100.700996,102.5495,29870000
2021-03-29,GOOG,101.393997,102.797501,100.780998,102.921501,24596000
2021-03-30,GOOG,102.8815,102.777,102.2015,103.539001,20732000
2021-03-31,GOOG,102.956001,103.431503,102.83725,104.666351,29198000
2021-04-01,GOOG,104.897499,106.887497,104.844498,107.147003,33980000
2021-04-05,GOOG,107.647003,111.277496,107.581001,111.865501,43298000
2021-04-06,GOOG,111.125,111.237503,110.739998,111.883003,27060000
2021-04-07,GOOG,111.306503,112.484001,111.266502,112.75,25798000
2021-04-08,GOOG,113.898003,113.272003,112.884003,114.200249,27166000
2021-04-09,GOOG,112.834999,114.293999,112.685699,114.452003,20888000
2021-04-12,GOOG,113.3125,112.739502,111.923248,113.765999,31318000
2021-04-13,GOOG,113.073502,113.363503,112.804497,113.860497,23310000
2021-04-14,GOOG,113.758003,112.741997,112.459503,113.899498,20220000
2021-04-15,GOOG,113.848999,114.833,113.300003,115.329849,27472000
2021-04-16,GOOG,115.150002,114.888,114.222504,115.321999,22596000
2021-04-19,GOOG,114.598999,115.120003,114.39225,115.922501,24688000
2021-04-20,GOOG,115.394501,114.681503,113.585503,115.480003,21774000
2021-04-21,GOOG,114.262497,114.664497,112.928497,114.765999,23930000
2021-04-22,GOOG,114.661499,113.396004,112.822502,115.188103,21096000
2021-04-23,GOOG,114.1735,115.764999,113.9105,116.291,28670000
2021-04-26,GOOG,115.996498,116.336998,115.692001,117.063004,20834000
2021-04-27,GOOG,116.800003,115.356003,115.213501,116.872498,31972000
2021-04-28,GOOG,120.357246,118.995499,118.7425,122.618896,59728000
2021-04-29,GOOG,120.516502,121.494499,120.113998,121.825996,39554000
2021-04-30,GOOG,120.224503,120.505997,120.108002,121.357002,39142000
2021-05-03,GOOG,120.136002,119.758499,119.224998,120.985001,33788000
2021-05-04,GOOG,118.487,117.712502,115.584999,118.962997,35120000
2021-05-05,GOOG,118.420998,117.836998,117.570503,119.110001,21806000
2021-05-06,GOOG,117.531998,119.067497,117.116898,119.135498,20618000
2021-05-07,GOOG,120,119.934502,119.5,120.820503,23272000
2021-05-10,GOOG,118.744499,117.083,116.736504,118.900002,26006000
2021-05-11,GOOG,114.593002,115.438004,114.150002,116.099998,32110000
2021-05-12,GOOG,113.085503,111.954002,111.502502,114.268501,34934000
2021-05-13,GOOG,113.054497,113.098503,112.136002,113.830048,26670000
2021-05-14,GOOG,114.591499,115.807999,114.166,116.056999,26624000
2021-05-17,GOOG,115.466003,116.070503,114.75,116.167,19842000
2021-05-18,GOOG,116.845299,115.171501,115.157997,117.157501,17302000
2021-05-19,GOOG,113.220001,115.435501,113.176003,115.837997,19350000
2021-05-20,GOOG,116.402,117.804497,116.054497,118.016998,23832000
2021-05-21,GOOG,118.2995,117.254997,117.1185,118.449997,22832000
2021-05-24,GOOG,118.349998,120.333504,118.005501,120.924004,21244000
2021-05-25,GOOG,121,120.453499,120.149498,121.644501,18838000
2021-05-26,GOOG,120.641747,121.676498,120.625748,122.147202,21856000
2021-05-27,GOOG,121.847,120.125504,120.099998,122,38962000
2021-05-28,GOOG,121.098,120.578003,120.384499,121.406998,24108000
2021-06-01,GOOG,121.099998,121.490501,120.244003,121.898552,19166000
2021-06-02,GOOG,121.765503,121.064003,120.209999,122.099998,17158000
2021-06-03,GOOG,119.750999,120.230499,119.141502,120.487251,18346000
2021-06-04,GOOG,121.125999,122.587997,120.888496,122.692947,25948000
2021-06-07,GOOG,122.566002,123.304497,122.05365,123.400002,23850000
2021-06-08,GOOG,123.995003,124.142502,123.412003,124.724747,25060000
2021-06-09,GOOG,124.974998,124.57,124.366501,125.25,20126000
2021-06-10,GOOG,124.7005,126.080002,124.699997,126.163002,31234000
2021-06-11,GOOG,126.246002,125.696503,124.914497,126.349503,25240000
2021-06-14,GOOG,125.669502,126.351997,125.046997,126.411499,22550000
2021-06-15,GOOG,126.522003,126.032997,125.648499,126.862,22182000
2021-06-16,GOOG,126.247498,125.696503,124.149948,126.523499,26316000
2021-06-17,GOOG,125.523003,126.371002,125.514999,127.196503,25756000
2021-06-18,GOOG,125.705498,125.567497,124.602997,126.389,53306000
2021-06-21,GOOG,125.739998,126.455002,125.134247,127.036751,26256000
2021-06-22,GOOG,126.449997,126.999496,126.026497,127.269997,20984000
2021-06-23,GOOG,126.550003,126.461502,126.251999,127.795998,19694000
2021-06-24,GOOG,127.053497,127.281998,126.959999,127.5355,18934000
2021-06-25,GOOG,126.957001,126.995003,126.444,127.504997,33484000
2021-06-28,GOOG,127,126.819504,125.973801,127.336998,28110000
2021-06-29,GOOG,126.772499,126.018501,125.436996,127,20950000
2021-06-30,GOOG,125.653549,125.316002,124.7575,125.800003,24006000
2021-07-01,GOOG,124.849747,126.3685,124.849747,126.462502,17120000
2021-07-02,GOOG,126.8395,128.718994,126.768997,128.848007,21160000
2021-07-06,GOOG,129.449493,129.770996,128.408997,129.884506,21350000
2021-07-07,GOOG,130.341003,130.077499,129.759995,130.639893,16680000
2021-07-08,GOOG,128.25,129.177002,128.039993,130.032501,19780000
2021-07-09,GOOG,128.944504,129.574493,128.943497,129.849503,15106000
2021-07-12,GOOG,129.833496,130.563995,129.600006,130.770004,16944000
2021-07-13,GOOG,130.8815,130.994507,130.636993,132.042007,16618000
2021-07-14,GOOG,131.901505,132.082504,131.897995,132.996002,17912000
2021-07-15,GOOG,132.5,131.266495,130.598007,132.595001,16586000
2021-07-16,GOOG,131.641006,131.845505,130.821503,132.182999,14856000
2021-07-19,GOOG,131.155502,129.253998,128.537003,131.246994,25710000
2021-07-20,GOOG,130.003998,131.101501,129.1884,132.001343,19084000
2021-07-21,GOOG,130.787003,132.600494,130.601501,132.617249,14742000
2021-07-22,GOOG,132.649994,133.328506,132.399994,133.504501,13608000
2021-07-23,GOOG,135.259995,137.815994,134.7005,138.808502,26378000
2021-07-26,GOOG,138.25,139.644501,137.651001,139.712997,23052000
2021-07-27,GOOG,140.011002,136.796494,135.100006,140.011002,42164000
2021-07-28,GOOG,138.561996,136.3815,136.350006,139.675995,54688000
2021-07-29,GOOG,136.3806,136.540497,136.138,137.151505,19284000
2021-07-30,GOOG,135.511002,135.220993,134.814194,135.771347,23954000
2021-08-02,GOOG,135.484497,135.989502,134.669495,136.020493,20140000
2021-08-03,GOOG,136,136.279999,134.183502,136.335495,19064000
2021-08-04,GOOG,136.249496,136.028503,135.414993,136.537994,16528000
2021-08-05,GOOG,136.028503,136.940002,135.600006,136.949997,11866000
2021-08-06,GOOG,136.294998,137.035995,136.046494,137.080048,13560000
2021-08-09,GOOG,136.949005,138.001999,136.428757,138.321503,12374000
2021-08-10,GOOG,138.079498,138.096497,137.226501,138.551498,16034000
2021-08-11,GOOG,138.283005,137.689499,137.350006,138.847748,15204000
2021-08-12,GOOG,137.712997,138.389496,136.779007,138.417999,14646000
2021-08-13,GOOG,138.357498,138.406006,138.005005,138.673996,12580000
2021-08-16,GOOG,138,138.916,136.165756,138.990494,18040000
2021-08-17,GOOG,138.190994,137.300507,136.787506,138.718506,21272000
2021-08-18,GOOG,137.115494,136.570007,136.421005,138.294006,14934000
2021-08-19,GOOG,135.467499,136.913498,135.356003,137.451996,18296000
2021-08-20,GOOG,137.082993,138.436996,136.466995,138.614502,15564000
2021-08-23,GOOG,138.998505,141.099503,138.747955,142.177002,21090000
2021-08-24,GOOG,141.543503,142.398499,141.3535,143.007507,15126000
2021-08-25,GOOG,142.882996,142.949997,142.439499,143.313004,12838000
2021-08-26,GOOG,142.6185,142.123001,142.091507,143.134796,14922000
2021-08-27,GOOG,142.112503,144.550507,142.020004,145.011002,24562000
2021-08-30,GOOG,144.704498,145.469498,144.600006,146.489502,16916000
2021-08-31,GOOG,145.884506,145.462006,145,146.112,26756000
2021-09-01,GOOG,145.649994,145.841995,145.614502,146.820496,15824000
2021-09-02,GOOG,145.949493,144.218994,144.106506,146.324997,21844000
2021-09-03,GOOG,144.145996,144.774994,143.505005,145.376999,19104000
2021-09-07,GOOG,144.749496,145.518997,144.541,145.824005,15170000
2021-09-08,GOOG,145.393494,144.883499,144.199997,145.550995,15486000
2021-09-09,GOOG,144.883499,144.913498,144.434006,145.669495,14798000
2021-09-10,GOOG,145.443497,141.921005,141.741501,146.018997,32896000
2021-09-13,GOOG,143.201004,143.464996,142.282501,144.190994,20176000
2021-09-14,GOOG,144.160995,143.406006,142.905502,144.727493,18916000
2021-09-15,GOOG,143.759003,145.205994,142.255997,145.581497,20648000
2021-09-16,GOOG,145.121002,144.373505,143.416351,145.199997,20292000
2021-09-17,GOOG,143.798492,141.463501,141.061493,144.249496,60040000
2021-09-20,GOOG,139.000198,139.016998,137.052994,139.362503,34918000
2021-09-21,GOOG,140.117004,139.6465,138.905502,140.8116,18130000
2021-09-22,GOOG,140.050507,140.938507,139.471756,141.583496,22068000
2021-09-23,GOOG,141.609497,141.826508,141.096497,142.252457,17272000
2021-09-24,GOOG,140.945999,142.632996,140.850494,142.903503,14950000
2021-09-27,GOOG,141.585495,141.501007,140.5,142.5,18844000
2021-09-28,GOOG,139.088501,136.184006,135.699997,139.606506,42190000
2021-09-29,GOOG,137.109695,134.520996,134.25,137.398499,26338000
2021-09-30,GOOG,134.324997,133.265503,133,135.589996,35294000
2021-10-01,GOOG,133.554504,136.462494,133.377502,137.070999,28388000
2021-10-04,GOOG,135.699493,133.764999,131.166504,135.699997,31530000
2021-10-05,GOOG,134,136.177002,134,137.362,24126000
2021-10-06,GOOG,134.625504,137.354004,134.486496,137.852005,19764000
2021-10-07,GOOG,138.863007,139.185501,138.563004,140.154449,18250000
2021-10-08,GOOG,139.906006,140.056,139.429352,140.317001,18924000
2021-10-11,GOOG,139.800003,138.847504,138.806503,140.763657,16584000
2021-10-12,GOOG,139.637497,136.712997,136.25,139.695007,22536000
2021-10-13,GOOG,137.75,137.899994,136.976501,138.550003,16380000
2021-10-14,GOOG,139.951996,141.412003,139.339005,141.651505,21426000
2021-10-15,GOOG,142.199997,141.675003,141.064499,142.199997,21250000
2021-10-18,GOOG,141.213501,142.960495,141.213501,142.998749,16564000
2021-10-19,GOOG,143.291504,143.822006,143.095993,144.106995,15316000
2021-10-20,GOOG,144.222504,142.414993,141.912003,144.247757,17940000
2021-10-21,GOOG,142.192001,142.780502,141.636993,142.849503,14850000
2021-10-22,GOOG,140.350998,138.625,137.170502,141.558502,30182000
2021-10-25,GOOG,138.810501,138.772995,136.748505,139.205795,21082000
2021-10-26,GOOG,140.606003,139.671997,139.005493,140.839493,28258000
2021-10-27,GOOG,139.902496,146.427505,139.902496,149.117996,51850000
2021-10-28,GOOG,147.298996,146.128998,144.763504,147.4245,32418000
2021-10-29,GOOG,145.520004,148.270493,145.166504,148.613007,28954000
2021-11-01,GOOG,148.164993,143.774002,143.579498,148.399506,32272000
2021-11-02,GOOG,144.809402,145.863007,144.641006,146.920502,21150000
2021-11-03,GOOG,146.274994,146.789993,145.053497,146.910507,17886000
2021-11-04,GOOG,147.199997,148.682999,146.634995,149.949997,24700000
2021-11-05,GOOG,149.3535,149.240997,148.651993,150.570755,20408000
2021-11-08,GOOG,150,149.351501,149.119995,151.0345,18388000
2021-11-09,GOOG,149.746002,149.248505,147.507004,150.378494,16876000
2021-11-10,GOOG,148.00975,146.626007,145.324997,148.699997,22708000
2021-11-11,GOOG,147.106995,146.748001,146.694504,148.502243,12464000
2021-11-12,GOOG,147.831497,149.645493,146.453995,149.859497,17048000
2021-11-15,GOOG,150,149.388,148.652496,150.477005,16248000
2021-11-16,GOOG,149.170502,149.076004,148.350006,149.832504,17254000
2021-11-17,GOOG,149.229004,149.061996,148.563004,149.626007,15290000
2021-11-18,GOOG,149.145996,150.709,148.998505,151.610001,26658000
2021-11-19,GOOG,151,149.952499,149.887497,151.850006,19766000
2021-11-22,GOOG,150.141754,147.078506,147.005493,150.744507,24608000
2021-11-23,GOOG,147.113007,146.757004,144.889496,147.694,18126000
2021-11-24,GOOG,146.350006,146.717499,145.199005,147,16464000
2021-11-26,GOOG,145.015503,142.806,142.485504,145.296997,16992000
2021-11-29,GOOG,144.298492,146.113998,144.298492,146.862,26276000
2021-11-30,GOOG,145.450256,142.451996,142.065994,146.628494,41590000
2021-12-01,GOOG,144.212494,141.617996,141.5,146.499146,28476000
2021-12-02,GOOG,141.824005,143.776505,140.981995,144.675003,21250000
2021-12-03,GOOG,144.495499,142.520493,141.149994,145.212997,26688000
2021-12-06,GOOG,143.574005,143.796494,140.647003,144.351501,22198000
2021-12-07,GOOG,145.949997,148.036499,145.702499,148.300003,23258000
2021-12-08,GOOG,148.331497,148.720505,147.199997,149.156494,18964000
2021-12-09,GOOG,148.175995,148.106003,147.529007,149.604996,18580000
2021-12-10,GOOG,149.100006,148.675003,147.357498,149.399994,21634000
2021-12-13,GOOG,148.444,146.704498,146.360001,148.5625,24104000
2021-12-14,GOOG,144.770004,144.970505,142.242493,145.442001,24778000
2021-12-15,GOOG,144.365997,147.3685,142.705505,147.517242,27280000
2021-12-16,GOOG,148.076996,144.838501,144.092499,148.551498,27400000
2021-12-17,GOOG,142.714493,142.802994,141.787994,144.460098,43404000
2021-12-20,GOOG,140.679596,142.401505,140.25,142.610504,20264000
2021-12-21,GOOG,143.149994,144.220505,141.735001,144.692047,19548000
2021-12-22,GOOG,144.100006,146.949005,143.962997,147.302994,18438000
2021-12-23,GOOG,147.089493,147.142502,146.950851,148.572601,13818000
2021-12-27,GOOG,147.463501,148.063995,147.25,148.426498,13256000
2021-12-28,GOOG,148.374496,146.447998,145.935501,148.374496,18624000
2021-12-29,GOOG,146.429504,146.504501,145.504501,147.183746,17022000
2021-12-30,GOOG,146.449997,146.002502,145.758499,147.0625,12978000
2021-12-31,GOOG,145.544006,144.679504,144.677505,146.365005,17298000
2022-01-03,GOOG,144.475494,145.074493,143.502502,145.550003,25214000
2022-01-04,GOOG,145.550507,144.416504,143.816147,146.610001,22928000
2022-01-05,GOOG,144.181,137.653503,137.523499,144.298004,49642000
2022-01-06,GOOG,137.497498,137.550995,136.763504,139.686005,29050000
2022-01-07,GOOG,137.904999,137.004501,135.789001,138.254745,19408000
2022-01-10,GOOG,135.098999,138.574005,133.140503,138.639999,34096000
2022-01-11,GOOG,138.180496,140.017502,136.813507,140.329498,23502000
2022-01-12,GOOG,141.554504,141.647995,141.112,142.814255,23642000
2022-01-13,GOOG,141.8405,139.130997,138.914001,143.185501,26566000
2022-01-14,GOOG,137.5,139.786499,137.5,141.2005,23826000
2022-01-18,GOOG,136.600006,136.290497,135.617004,137.391495,27382000
2022-01-19,GOOG,136.938507,135.651993,135.5,138.399506,20796000
2022-01-20,GOOG,136.514008,133.5065,133.144501,137.912003,21930000
2022-01-21,GOOG,133.011993,130.091995,130.001007,134.760498,41920000
2022-01-24,GOOG,126.027496,130.371994,124.641953,130.778503,55148000
2022-01-25,GOOG,128.435501,126.735497,126.377998,129.338501,36008000
2022-01-26,GOOG,130.592499,129.240005,127.153503,132.807495,39630000
2022-01-27,GOOG,131.360992,129.121002,128.945007,132.609955,30248000
2022-01-28,GOOG,130,133.289505,128.694504,133.370499,30518000
2022-01-31,GOOG,134.197998,135.698502,132.274002,135.843506,34056000
2022-02-01,GOOG,137.835007,137.878494,134.568253,138.199997,51204000
2022-02-02,GOOG,151.863495,148.036499,145.557495,152.100006,89750000
2022-02-03,GOOG,145.294998,142.650497,142.205002,149.117706,56930000
2022-02-04,GOOG,143.016998,143.016006,139.817505,144.535248,49224000
2022-02-07,GOOG,143.709,138.938004,138.699005,143.846497,44610000
2022-02-08,GOOG,138.991257,139.212997,136.873001,139.837097,34256000
2022-02-09,GOOG,140.849747,141.453003,140.376999,142.175507,28628000
2022-02-10,GOOG,139.5,138.602493,138.050003,141.431,33018000
2022-02-11,GOOG,138.75,134.130005,133.288498,139.283249,38808000
2022-02-14,GOOG,133.365494,135.300003,133.302002,136.166504,26792000
2022-02-15,GOOG,137.471497,136.425507,135.539505,137.899994,26578000
2022-02-16,GOOG,136.430496,137.487503,134.823654,137.945999,25610000
2022-02-17,GOOG,136.149994,132.308502,132.201996,136.839493,30968000
2022-02-18,GOOG,133.037506,130.467499,130.307053,133.824005,31858000
2022-02-22,GOOG,129.985001,129.402496,127.740997,131.900757,38906000
2022-02-23,GOOG,131.078506,127.584999,127.503502,131.748993,26432000
2022-02-24,GOOG,125,132.673492,124.764503,133.037003,43166000
2022-02-25,GOOG,133.525497,134.519501,131.764999,135.389008,26236000
2022-02-28,GOOG,133.2845,134.891006,132.825256,135.640503,29676000
2022-03-01,GOOG,134.479996,134.167999,133.378494,136.110992,24640000
2022-03-02,GOOG,134.608246,134.751495,133.432495,135.615494,23966000
2022-03-03,GOOG,135.9785,134.307999,133.431,136.713806,19780000
2022-03-04,GOOG,133.382507,132.121994,130.408493,134.199005,24446000
2022-03-07,GOOG,131.904007,126.4645,126.410004,131.904007,39178000
2022-03-08,GOOG,126.250504,127.278503,125.860748,131.246506,35250000
2022-03-09,GOOG,131.399994,133.865997,130.087997,134.198502,32258000
2022-03-10,GOOG,131.462494,132.682007,131.401001,133.538498,24266000
2022-03-11,GOOG,133.999496,130.475494,130.296494,134.199997,26600000
2022-03-14,GOOG,130.572998,126.740997,126.413002,131.026001,30254000
2022-03-15,GOOG,127.741501,129.660507,126.568001,130.517242,30292000
2022-03-16,GOOG,131,133.690506,129.201004,133.770996,32058000
2022-03-17,GOOG,133.320999,134.600494,132.718994,134.739502,23994000
2022-03-18,GOOG,133.884003,136.801498,132.932007,136.913498,45900000
2022-03-21,GOOG,136.847504,136.4785,134.611496,137.582504,26632000
2022-03-22,GOOG,136.5,140.277496,136.5,141.5,29776000
2022-03-23,GOOG,139.138504,138.503494,138.166504,140.024994,25302000
2022-03-24,GOOG,139.272507,141.311996,138.039398,141.3965,20544000
2022-03-25,GOOG,141.753998,141.5215,139.699493,141.959503,19270000
2022-03-28,GOOG,140.684494,141.949997,139.828156,141.976501,23774000
2022-03-29,GOOG,143.160507,143.25,142.483994,144.162506,28678000
2022-03-30,GOOG,142.869995,142.644501,142.167999,143.480499,21046000
2022-03-31,GOOG,142.448502,139.649506,139.619003,142.644501,29516000
2022-04-01,GOOG,140.009995,140.699997,138.796997,140.949997,23480000
2022-04-04,GOOG,140.824493,143.642502,140.824493,144.043747,19076000
2022-04-05,GOOG,143.399506,141.063004,140.943497,143.589996,19256000
2022-04-06,GOOG,139.161499,137.175995,136.418106,139.848495,23574000
2022-04-07,GOOG,136.617996,136.464996,134.857254,137.701508,19448000
2022-04-08,GOOG,136.25,134.010498,133.752502,136.25,16434000
2022-04-11,GOOG,132.899994,129.796494,129.617493,132.939194,24188000
2022-04-12,GOOG,132.423492,128.374496,127.575996,132.423492,23004000
2022-04-13,GOOG,128.626495,130.285995,128.438599,130.655746,19542000
2022-04-14,GOOG,130.649506,127.252998,127.111504,130.710251,23484000
2022-04-18,GOOG,127.410004,127.960999,126.578453,128.712006,14918000
2022-04-19,GOOG,128.076996,130.531006,127.4515,130.903748,22720000
2022-04-20,GOOG,131.283997,128.245499,127.894051,131.923492,22610000
2022-04-21,GOOG,129.350006,124.9375,124.650002,130.307495,30158000
2022-04-22,GOOG,125,119.613998,119.140503,125.452003,46410000
2022-04-25,GOOG,119.429497,123.25,118.769249,123.278,34522000
2022-04-26,GOOG,122.75,119.505997,119.16185,122.75,49394000
2022-04-27,GOOG,114.373001,115.0205,113.124252,117.5,62238000
2022-04-28,GOOG,117.114998,119.411499,115.143898,120.438499,36790000
2022-04-29,GOOG,117.578003,114.966499,114.694,118.959999,33694000
2022-05-02,GOOG,113.906502,117.156998,113.399498,117.3395,30280000
2022-05-03,GOOG,116.764999,118.129501,116.626999,119.300003,21216000
2022-05-04,GOOG,118.003502,122.574997,115.738503,123.142998,33232000
2022-05-05,GOOG,120.220497,116.746498,115.182503,121.233253,43090000
2022-05-06,GOOG,115.518997,115.660004,114.142998,117.498497,35310000
2022-05-09,GOOG,113.303497,113.084,112.551498,115.562897,34520000
2022-05-10,GOOG,116.040497,114.584503,113.383301,116.691002,31158000
2022-05-11,GOOG,113.710503,113.960999,113.650002,116.670998,36502000
2022-05-12,GOOG,111.938004,113.161003,110.113503,114.856499,41464000
2022-05-13,GOOG,114.845497,116.515503,114,118.084999,29738000
2022-05-16,GOOG,115.384003,114.792503,114.334999,116.607498,23282000
2022-05-17,GOOG,117.227501,116.7015,115.337502,117.227501,21576000
2022-05-18,GOOG,115.237503,112.401001,112.141998,115.695648,27982000
2022-05-19,GOOG,111.841003,110.745499,110.468002,113.587502,29192000
2022-05-20,GOOG,112.085503,109.313004,106.373001,112.550003,37586000
2022-05-23,GOOG,110.103996,111.666496,109.154251,112.005501,31558000
2022-05-24,GOOG,106.377502,105.926003,102.208,106.394997,60386000
2022-05-25,GOOG,105.141998,105.8395,104.21125,106.544701,37900000
2022-05-26,GOOG,106.050499,108.295998,105.487999,108.955254,30288000
2022-05-27,GOOG,109.788498,112.799004,109.550003,112.867996,29924000
2022-05-31,GOOG,113.079002,114.039001,112.572502,116.433502,51302000
2022-06-01,GOOG,114.931503,114.137001,113.550499,117.399002,28630000
2022-06-02,GOOG,114.188004,117.746002,113.307999,117.898003,27472000
2022-06-03,GOOG,115.9925,114.564003,113.667999,116.364502,25052000
2022-06-06,GOOG,116.7425,117.010498,116.528297,119.398499,23786000
2022-06-07,GOOG,115.648003,117.2295,115.125504,117.74865,26414000
2022-06-08,GOOG,116.876503,117.237999,116.696747,118.646004,22544000
2022-06-09,GOOG,116.341499,114.917999,114.866997,118.349998,23142000
2022-06-10,GOOG,112.78125,111.427498,110.861,113.497002,31324000
2022-06-13,GOOG,107.445999,106.876503,106.588051,109.218498,36756000
2022-06-14,GOOG,106.889999,107.194,106.351997,108.457497,25480000
2022-06-15,GOOG,108.899498,110.390503,108.118752,112.063004,33192000
2022-06-16,GOOG,108.149498,106.636002,105.792503,109.290497,35314000
2022-06-17,GOOG,106.535004,107.865501,105.628548,109.249496,43516000
2022-06-21,GOOG,109.702003,112.014999,109.293503,112.672997,39010000
2022-06-22,GOOG,111.163002,112.033997,110.724297,113.769501,23922000
2022-06-23,GOOG,112.949997,112.684502,111.028999,113.196503,24710000
2022-06-24,GOOG,113.602997,118.538002,113.602997,118.637497,39122000
2022-06-27,GOOG,118.934998,116.622498,116.000748,119.25,32840000
2022-06-28,GOOG,116.350998,112.571503,112.444,117.856499,28232000
2022-06-29,GOOG,112.148499,112.2565,111.554001,113.664497,18628000
2022-06-30,GOOG,110.499496,109.372498,107.309998,111.329803,38046000
2022-07-01,GOOG,108.336998,109.081001,107.105003,109.806351,31028000
2022-07-05,GOOG,107.514503,113.887001,106.249496,114.052597,36398000
2022-07-06,GOOG,114.092003,115.213501,112.250504,116.351997,28852000
2022-07-07,GOOG,116.008003,119.306,115.533997,119.862,32184000
2022-07-08,GOOG,117.550003,120.168503,117.514,120.434998,29082000
2022-07-11,GOOG,118.650002,116.522499,116.234497,118.794502,26718000
2022-07-12,GOOG,116.838501,114.849503,114.614998,117.849503,24970000
2022-07-13,GOOG,112.639,112.186996,111.822998,115.156998,38958000
2022-07-14,GOOG,110.825996,111.440002,109.3255,111.987503,32366000
2022-07-15,GOOG,112.962997,112.766998,111.822502,114.000504,34330000
2022-07-18,GOOG,113.440002,109.910004,109.300003,114.800003,33354000
2022-07-19,GOOG,111.730003,114.620003,110.5,114.809998,30992300
2022-07-20,GOOG,114.059998,114.699997,113.260002,116.330002,26780100
2022-07-21,GOOG,115.089996,115.040001,111.910004,115.209999,27267800
2022-07-22,GOOG,111.809998,108.360001,107.599998,113.18,44455300
2022-07-25,GOOG,108.879997,108.209999,107.010002,110.580002,28289900
2022-07-26,GOOG,107.43,105.440002,104.760002,107.739998,36626600
2022-07-27,GOOG,109.599998,113.599998,108.419998,114.400002,41474600
2022-07-28,GOOG,112.800003,114.589996,111.850998,114.699997,23303800
2022-07-29,GOOG,113.400002,116.639999,113.230003,116.900002,31336200
2022-08-01,GOOG,115.529999,115.480003,114.690002,117.120003,22856200
2022-08-02,GOOG,114.43,115.900002,114.260002,117.080002,17911000
2022-08-03,GOOG,116.339996,118.779999,116.150002,119.419998,25302800
2022-08-04,GOOG,118.300003,118.870003,117.709999,119.5,15757700
2022-08-05,GOOG,116.93,118.220001,116.709999,118.860001,15615700
2022-08-08,GOOG,119.120003,118.139999,117.830002,120.860001,17061100
2022-08-09,GOOG,117.989998,117.5,116.559998,118.199997,15424300
2022-08-10,GOOG,119.589996,120.650002,119.360001,121.779999,20497000
2022-08-11,GOOG,122.080002,119.82,119.550003,122.339996,16671600
2022-08-12,GOOG,121.160004,122.650002,120.400002,122.650002,16121100
2022-08-15,GOOG,122.209999,122.879997,121.57,123.260002,15525000
2022-08-16,GOOG,122.32,122.510002,121.535004,123.227997,15626200
2022-08-17,GOOG,120.93,120.32,120.199997,122.150002,17589200
2022-08-18,GOOG,120.230003,120.860001,119.550003,121.690002,15652000
2022-08-19,GOOG,119.870003,118.120003,117.669998,120,20187000
2022-08-22,GOOG,116.099998,115.07,114.669998,116.5,19316000
2022-08-23,GOOG,114.32,114.769997,114.300003,115.93,14390700
2022-08-24,GOOG,114.449997,114.699997,113.779999,115.717003,16051200
2022-08-25,GOOG,115.150002,117.699997,115.050003,117.779999,14874700
2022-08-26,GOOG,115.809998,111.300003,111.220001,116.599998,31698700
2022-08-29,GOOG,110.779999,110.339996,109.809998,111.959999,20386100
2022-08-30,GOOG,111.029999,109.910004,108.800003,111.370003,20548200
2022-08-31,GOOG,111.629997,109.150002,109.050003,111.769997,25898000
2022-09-01,GOOG,109.199997,110.550003,108.190002,111.220001,22784400
2022-09-02,GOOG,111.339996,108.68,108.129997,111.675003,20618100
2022-09-06,GOOG,108.135002,107.480003,106.510002,108.879997,20565100
2022-09-07,GOOG,107.760002,110.480003,107.614998,110.989998,22987200
2022-09-08,GOOG,109.18,109.419998,108.059998,110.580002,21660700
2022-09-09,GOOG,110.050003,111.779999,110,112,21732900
2022-09-12,GOOG,111.989998,111.870003,110.93,112.639999,19732900
2022-09-13,GOOG,108.889999,105.309998,105,109.370003,33015000
2022-09-14,GOOG,105.440002,105.870003,104.5,106.099998,22115800
2022-09-15,GOOG,105.010002,103.900002,103.309998,106.209999,26494900
2022-09-16,GOOG,102.970001,103.629997,101.855003,104.029999,64540100
2022-09-19,GOOG,102.540001,103.849998,102.370003,104.019997,19738600
2022-09-20,GOOG,102.879997,101.830002,101.120003,103.169998,24001700
2022-09-21,GOOG,102.239998,100.010002,99.989998,103.489998,26596800
2022-09-22,GOOG,99.449997,100.57,99.410004,101.68,21272700
2022-09-23,GOOG,100.059998,99.169998,98.010002,100.110001,25657000
2022-09-26,GOOG,98.610001,98.809998,98.379997,100.440002,22437900
2022-09-27,GOOG,99.910004,98.089996,97.339996,100.459999,24225000
2022-09-28,GOOG,98.019997,100.739998,97.800003,101.400002,24617000
2022-09-29,GOOG,99.300003,98.089996,96.519997,99.300003,21921500
2022-09-30,GOOG,97.730003,96.150002,96.029999,99.494003,26277800
2022-10-03,GOOG,97.220001,99.300003,97.019997,99.970001,24840000
2022-10-04,GOOG,101.040001,102.410004,101.040001,102.720001,22580900
2022-10-05,GOOG,100.690002,102.220001,99.739998,102.739998,18475500
2022-10-06,GOOG,101.5,102.239998,101.5,103.730003,17156200
2022-10-07,GOOG,100.650002,99.57,99.209999,101.419998,24249900
2022-10-10,GOOG,99.849998,98.709999,97.870003,99.989998,16529900
2022-10-11,GOOG,98.25,98.050003,97.25,100.120003,21617700
2022-10-12,GOOG,98.269997,98.300003,97.669998,99.648003,17343400
2022-10-13,GOOG,95.93,99.709999,95.269997,100.529999,32812200
2022-10-14,GOOG,100.625,97.18,97.029999,101.290001,22624800
2022-10-17,GOOG,99.519997,100.779999,99.510002,101.769997,23311600
2022-10-18,GOOG,103.940002,101.389999,100.650002,104.220001,21610500
2022-10-19,GOOG,100.699997,100.290001,99.635002,101.658997,21573700
2022-10-20,GOOG,100.82,100.529999,99.970001,103,25125100
2022-10-21,GOOG,98.459999,101.480003,98.230003,101.620003,28988700
2022-10-24,GOOG,102.089996,102.970001,100.300003,103.099998,24680800
2022-10-25,GOOG,103.300003,104.93,103.019997,105.099998,29910200
2022-10-26,GOOG,96.760002,94.82,94.57,98.540001,71504300
2022-10-27,GOOG,94.309998,92.599998,91.900002,95.169998,54036500
2022-10-28,GOOG,92.529999,96.580002,92.322998,96.860001,35696900
2022-10-31,GOOG,95.779999,94.660004,94.379997,96.349998,29868700
2022-11-01,GOOG,95.589996,90.5,90.43,96.165001,43220600
2022-11-02,GOOG,90.910004,87.07,87.010002,91.300003,43553600
2022-11-03,GOOG,86.345001,83.489998,83.449997,86.550003,48510400
2022-11-04,GOOG,85.510002,86.699997,83.879997,86.730003,40173300
2022-11-07,GOOG,87.339996,88.650002,86.959999,88.940002,26899900
2022-11-08,GOOG,89.160004,88.910004,87.650002,90.404999,30172000
2022-11-09,GOOG,88.544998,87.400002,87.360001,89.489998,26743900
2022-11-10,GOOG,92.339996,94.169998,91.650002,94.550003,42371200
2022-11-11,GOOG,94.709999,96.730003,94.160004,97.360001,30569100
2022-11-14,GOOG,95.5,96.029999,95.112999,97.18,24170100
2022-11-15,GOOG,98.669998,98.720001,97.019997,100.419998,31831000
2022-11-16,GOOG,98.019997,98.989998,97.902,99.849998,24660200
2022-11-17,GOOG,97.18,98.5,97.099998,99.480003,21818700
2022-11-18,GOOG,99.010002,97.800003,96.739998,99.160004,24969900
2022-11-21,GOOG,97.559998,95.830002,95.669998,98.720001,18696900
2022-11-22,GOOG,96.160004,97.330002,94.410004,97.547997,18868900
2022-11-23,GOOG,97.339996,98.82,97.339996,99.069,17568900
2022-11-25,GOOG,98.464996,97.599998,97.529999,98.940002,8567800
2022-11-28,GOOG,97.199997,96.25,95.889999,97.830002,19974500
2022-11-29,GOOG,96,95.440002,94.389999,96.389999,20220000
2022-11-30,GOOG,95.120003,101.449997,94.669998,101.449997,39888100
2022-12-01,GOOG,101.400002,101.279999,100.669998,102.589996,21771500
2022-12-02,GOOG,99.370003,100.830002,99.169998,101.150002,18821500
2022-12-05,GOOG,99.815002,99.870003,99.355003,101.75,19955500
2022-12-06,GOOG,99.669998,97.309998,96.760002,100.209999,20877600
2022-12-07,GOOG,96.769997,95.150002,95.025002,97.309998,26647900
2022-12-08,GOOG,95.690002,93.949997,93.800003,95.870003,25593200
2022-12-09,GOOG,93.900002,93.07,93.019997,94.489998,21885300
2022-12-12,GOOG,93.089996,93.559998,91.900002,93.875,27380900
2022-12-13,GOOG,98.07,95.849998,95.379997,99.800003,34788500
2022-12-14,GOOG,95.540001,95.309998,93.940002,97.220001,26452900
2022-12-15,GOOG,93.540001,91.199997,90.43,94.029999,28298800
2022-12-16,GOOG,91.199997,90.860001,90.010002,91.75,48485500
2022-12-19,GOOG,90.879997,89.150002,88.925003,91.199997,23020500
2022-12-20,GOOG,88.730003,89.629997,88.040001,89.779999,21976800
2022-12-21,GOOG,89.730003,90.25,88.910004,90.915001,20336400
2022-12-22,GOOG,88.93,88.260002,86.940002,89.18,23656100
2022-12-23,GOOG,87.620003,89.809998,87.620003,90.099998,17815000
2022-12-27,GOOG,89.309998,87.93,87.535004,89.5,15470900
2022-12-28,GOOG,87.5,86.459999,86.370003,88.519997,17879600
2022-12-29,GOOG,87.029999,88.949997,86.989998,89.364998,18280700
2022-12-30,GOOG,87.364998,88.730003,87.029999,88.830002,19190300
2023-01-03,GOOG,89.830002,89.699997,89.019997,91.550003,20738500
2023-01-04,GOOG,91.010002,88.709999,87.800003,91.239998,27046500
2023-01-05,GOOG,88.07,86.769997,86.559998,88.209999,23136100
2023-01-06,GOOG,87.360001,88.160004,85.57,88.470001,26612600
2023-01-09,GOOG,89.195,88.800003,88.580002,90.830002,22996700
2023-01-10,GOOG,86.720001,89.239998,86.699997,89.474998,22855600
2023-01-11,GOOG,90.059998,92.260002,89.739998,92.449997,25998800
2023-01-12,GOOG,92.400002,91.910004,90.57,92.620003,22754200
2023-01-13,GOOG,91.528,92.800003,90.93,92.980003,18630700
2023-01-17,GOOG,92.779999,92.160004,90.839996,92.970001,22935800
2023-01-18,GOOG,92.940002,91.779999,91.400002,93.587997,19641600
2023-01-19,GOOG,91.389999,93.910004,91.379997,94.400002,28707700
2023-01-20,GOOG,95.949997,99.279999,95.910004,99.419998,53704800
2023-01-23,GOOG,99.129997,101.209999,98.75,101.400002,31791800
2023-01-24,GOOG,99.550003,99.209999,98.699997,101.089996,27391400
2023-01-25,GOOG,97.199997,96.730003,95.262001,97.720001,31000900
2023-01-26,GOOG,98.279999,99.160004,96.82,99.209999,24542100
2023-01-27,GOOG,99.050003,100.709999,98.970001,101.580002,29020400
2023-01-30,GOOG,98.745003,97.949997,97.519997,99.408997,24365100
2023-01-31,GOOG,97.860001,99.870003,97.790001,99.910004,22306800
2023-02-01,GOOG,99.739998,101.43,98.419998,102.190002,26392600
2023-02-02,GOOG,106.790001,108.800003,106.540001,108.82,46622600
2023-02-03,GOOG,103.510002,105.220001,103.300003,108.019997,36823400
2023-02-06,GOOG,102.684998,103.470001,102.209999,104.699997,25573000
2023-02-07,GOOG,103.629997,108.040001,103.547997,108.669998,33738800
2023-02-08,GOOG,102.690002,100,98.455002,103.580002,73546000
2023-02-09,GOOG,100.540001,95.459999,93.860001,100.610001,97798600
2023-02-10,GOOG,95.739998,94.860001,94.529999,97.019997,49325300
2023-02-13,GOOG,95.010002,95,94.050003,95.349998,43116600
2023-02-14,GOOG,94.660004,94.949997,92.650002,95.175003,42513100
2023-02-15,GOOG,94.739998,97.099998,94.360001,97.339996,36964500
2023-02-16,GOOG,95.540001,95.779999,94.970001,97.879997,35642100
2023-02-17,GOOG,95.07,94.589996,93.449997,95.75,31095100
2023-02-21,GOOG,93.239998,92.050003,92,93.415001,28367200
2023-02-22,GOOG,91.933998,91.800003,90.870003,92.360001,29891100
2023-02-23,GOOG,92.129997,91.07,90.010002,92.129997,32423700
2023-02-24,GOOG,89.629997,89.349998,88.860001,90.129997,31295600
2023-02-27,GOOG,90.089996,90.099998,89.610001,90.449997,22724300
2023-02-28,GOOG,89.540001,90.300003,89.519997,91.449997,30546900
2023-03-01,GOOG,90.160004,90.510002,89.849998,91.199997,26323900
2023-03-02,GOOG,89.860001,92.309998,89.769997,92.480003,23328600
2023-03-03,GOOG,92.739998,94.019997,92.660004,94.110001,30242500
2023-03-06,GOOG,94.360001,95.580002,94.300003,96.300003,28288200
2023-03-07,GOOG,95.419998,94.169998,93.844002,96.089996,24101500
2023-03-08,GOOG,94.404999,94.650002,94.404999,96.239998,25395200
2023-03-09,GOOG,94.489998,92.660004,92.355003,95.919998,24438900
2023-03-10,GOOG,92.5,91.010002,90.800003,93.18,32850100
2023-03-13,GOOG,90.565002,91.660004,89.940002,93.080002,31508600
2023-03-14,GOOG,93.07,94.25,92.779999,94.830002,32303900
2023-03-15,GOOG,93.540001,96.550003,93.040001,97.25,38367300
2023-03-16,GOOG,96.57,101.07,95.870003,101.970001,54499500
2023-03-17,GOOG,100.839996,102.459999,100.75,103.489998,76140300
2023-03-20,GOOG,101.059998,101.93,100.790001,102.580002,26033900
2023-03-21,GOOG,101.980003,105.839996,101.860001,105.959999,33122800
2023-03-22,GOOG,105.139999,104.220001,104.209999,107.510002,32336900
2023-03-23,GOOG,105.889999,106.260002,105.410004,107.100998,31385800
2023-03-24,GOOG,105.739998,106.059998,104.739998,106.160004,25236200
2023-03-27,GOOG,105.32,103.059998,102.629997,105.400002,25393400
2023-03-28,GOOG,103,101.360001,100.279999,103,24913500
2023-03-29,GOOG,102.720001,101.900002,101.029999,102.82,26148300
2023-03-30,GOOG,101.440002,101.32,100.290001,101.610001,25009800
2023-03-31,GOOG,101.709999,104,101.440002,104.190002,28108000
2023-04-03,GOOG,102.669998,104.910004,102.379997,104.949997,20719900
2023-04-04,GOOG,104.839996,105.120003,104.599998,106.099998,20377200
2023-04-05,GOOG,106.120003,104.949997,104.101997,106.540001,21864200
2023-04-06,GOOG,105.769997,108.900002,104.815002,109.629997,34684200
2023-04-10,GOOG,107.389999,106.949997,105.599998,107.970001,19741500
2023-04-11,GOOG,106.919998,106.120003,105.279999,107.220001,18721300
2023-04-12,GOOG,107.389999,105.220001,104.970001,107.586998,22761600
2023-04-13,GOOG,106.470001,108.190002,106.440002,108.264999,21650700
2023-04-14,GOOG,107.690002,109.459999,107.589996,109.580002,20758700
2023-04-17,GOOG,105.43,106.419998,105.32,106.709999,29043400
2023-04-18,GOOG,107,105.120003,104.779999,107.050003,17641400
2023-04-19,GOOG,104.214996,105.019997,103.800003,105.724998,16732000
2023-04-20,GOOG,104.650002,105.900002,104.639999,106.888,22515300
2023-04-21,GOOG,106.089996,105.910004,105.485001,106.639999,22379000
2023-04-24,GOOG,106.050003,106.779999,105.360001,107.32,21410900
2023-04-25,GOOG,106.610001,104.610001,104.559998,107.440002,31408100
2023-04-26,GOOG,105.559998,104.449997,103.269997,107.019997,37068200
2023-04-27,GOOG,105.230003,108.370003,104.419998,109.150002,38235200
2023-04-28,GOOG,107.800003,108.220001,106.040001,108.290001,23957900
2023-05-01,GOOG,107.720001,107.709999,107.5,108.68,20926300
2023-05-02,GOOG,107.660004,105.980003,104.5,107.730003,20343100
2023-05-03,GOOG,106.220001,106.120003,105.620003,108.129997,17116300
2023-05-04,GOOG,106.160004,105.209999,104.699997,106.300003,19780600
2023-05-05,GOOG,105.32,106.214996,104.738998,106.440002,20705300
2023-05-08,GOOG,105.794998,108.239998,105.790001,108.419998,17266000
2023-05-09,GOOG,108.779999,107.940002,107.724998,110.595001,24782400
2023-05-10,GOOG,108.550003,112.279999,108.480003,113.510002,47533500
2023-05-11,GOOG,115.860001,116.900002,114.93,118.440002,57115100
2023-05-12,GOOG,117,117.919998,116.550003,118.260002,31272500
2023-05-15,GOOG,116.489998,116.959999,116.480003,118.794998,22107900
2023-05-16,GOOG,116.830002,120.089996,116.830002,121.199997,32370100
2023-05-17,GOOG,120.18,121.480003,119.459999,122.279999,26659600
2023-05-18,GOOG,121.559998,123.519997,121.489998,123.900002,27014500
2023-05-19,GOOG,124.199997,123.25,122.720001,126.478996,30251300
2023-05-22,GOOG,123.510002,125.870003,123.449997,127.050003,29760200
2023-05-23,GOOG,124.93,123.290001,123.050003,125.419998,24477900
2023-05-24,GOOG,121.879997,121.639999,120.75,122.75,23087900
2023-05-25,GOOG,125.209999,124.349998,122.900002,125.980003,33812700
2023-05-26,GOOG,124.065002,125.43,123.290001,126,25154700
2023-05-30,GOOG,126.290001,124.639999,122.889999,126.379997,27230700
2023-05-31,GOOG,123.699997,123.370003,123.099998,124.900002,41548800
2023-06-01,GOOG,123.5,124.370003,123.300003,125.040001,25017700
2023-06-02,GOOG,124.489998,125.230003,124.349998,126.745003,19362400
2023-06-05,GOOG,124.610001,126.629997,124.379997,127.989998,22672500
2023-06-06,GOOG,126.599998,127.910004,125.970001,128.880005,19450100
2023-06-07,GOOG,127.574997,122.940002,122.629997,129.550003,34179300
2023-06-08,GOOG,122.584999,122.669998,122.010002,123.730003,24815000
2023-06-09,GOOG,122.559998,122.870003,122.419998,124.285004,20304500
2023-06-12,GOOG,123.394997,124.349998,122.349998,124.75,22255700
2023-06-13,GOOG,125.650002,124.43,123.845001,125.860001,19287700
2023-06-14,GOOG,123.800003,124.379997,122.160004,124.790001,24659600
2023-06-15,GOOG,123.879997,125.790001,123.139999,126.160004,24517100
2023-06-16,GOOG,126.699997,124.059998,123.790001,126.699997,56686800
2023-06-20,GOOG,123.535004,123.849998,122.830002,125.175003,22698000
2023-06-21,GOOG,123.235001,121.260002,120.860001,123.410004,22612000
2023-06-22,GOOG,120.660004,123.870003,119.599998,123.934998,20781900
2023-06-23,GOOG,122.040001,123.019997,121.860001,123.440002,29542900
2023-06-26,GOOG,121.466003,119.089996,118.989998,122.720001,23185000
2023-06-27,GOOG,117.839996,119.010002,116.910004,119.894997,27221700
2023-06-28,GOOG,117.959999,121.080002,117.599998,121.269997,19753100
2023-06-29,GOOG,120.089996,120.010002,119.209999,120.910004,18517500
2023-06-30,GOOG,121.099998,120.970001,120.879997,122.029999,23865800
2023-07-03,GOOG,120.32,120.559998,119.705002,121.019997,13888300
2023-07-05,GOOG,120.059998,122.629997,120.059998,123.370003,17830300
2023-07-06,GOOG,120.639999,120.93,119.25,121.150002,17732500
2023-07-07,GOOG,120.889999,120.139999,120.089996,121.75,20982400
2023-07-10,GOOG,119.07,116.870003,116.639999,119.07,32960100
2023-07-11,GOOG,116.760002,117.709999,115.830002,118.224998,18286600
2023-07-12,GOOG,119.300003,119.620003,119,120.959999,22059600
2023-07-13,GOOG,121.540001,124.830002,121.059998,125.334999,31535900
2023-07-14,GOOG,125.129997,125.699997,124.900002,127.089996,20482800
2023-07-17,GOOG,126.059998,125.059998,124.5,127.279999,20675300
2023-07-18,GOOG,124.904999,124.080002,123.300003,124.989998,21071200
2023-07-19,GOOG,124.790001,122.779999,122.470001,125.470001,22313800
2023-07-20,GOOG,122.120003,119.529999,118.684998,124.699997,27541700
2023-07-21,GOOG,120.870003,120.309998,119.07,121.300003,56498100
2023-07-24,GOOG,121.926003,121.879997,121.379997,123.349998,22276100
2023-07-25,GOOG,121.879997,122.790001,121.529999,123.690002,31820800
2023-07-26,GOOG,130.360001,129.660004,128.710007,131.369995,46216900
2023-07-27,GOOG,131.800003,129.869995,129.179993,133.600006,35931600
2023-07-28,GOOG,130.970001,133.009995,130.919998,134.070007,26971000
2023-07-31,GOOG,133.009995,133.110001,132.130005,133.830002,18381900
2023-08-01,GOOG,130.854996,131.889999,130.75,132.919998,22154300
2023-08-02,GOOG,129.839996,128.639999,127.849998,130.419998,22705800
2023-08-03,GOOG,128.369995,128.770004,127.775002,129.770004,15018100
2023-08-04,GOOG,129.600006,128.539993,128.315002,131.929993,20509500
2023-08-07,GOOG,129.509995,131.940002,129.429993,132.059998,17621000
2023-08-08,GOOG,130.979996,131.839996,130.130005,131.940002,16836000
2023-08-09,GOOG,132.190002,130.149994,129.505005,132.470001,17745200
2023-08-10,GOOG,131.970001,130.210007,130.035004,132.647003,17855700
2023-08-11,GOOG,129.201996,130.169998,128.75,130.440002,15191500
2023-08-14,GOOG,129.850006,131.830002,129.589996,131.910004,17526200
2023-08-15,GOOG,131.589996,130.270004,129.819,131.990005,14769200
2023-08-16,GOOG,129.279999,129.110001,128.460007,130.897995,17548400
2023-08-17,GOOG,130.449997,130.460007,129.850006,132.490997,23665600
2023-08-18,GOOG,129.059998,128.110001,127,129.830002,23619400
2023-08-21,GOOG,127.849998,128.929993,127.160004,129.259995,21851100
2023-08-22,GOOG,129.130005,129.690002,128.925003,130.949997,15569400
2023-08-23,GOOG,130.850006,133.210007,130.509995,134.070007,26497000
2023-08-24,GOOG,134.727005,130.419998,130.300003,134.970001,18680400
2023-08-25,GOOG,130.139999,130.690002,128.039993,131.399994,20678100
2023-08-28,GOOG,132.080002,131.789993,130.850006,133.240005,16715500
2023-08-29,GOOG,132.998001,135.490005,132.979996,137.294998,30803300
2023-08-30,GOOG,135.570007,136.929993,135.020996,137.25,21773400
2023-08-31,GOOG,137.050003,137.350006,136.820007,138.399994,28147900
2023-09-01,GOOG,138.429993,136.800003,135.940002,138.580002,16665700
2023-09-05,GOOG,136.440002,136.710007,135.559998,137.369995,17730200
2023-09-06,GOOG,137.014999,135.369995,134.690002,137.479996,15814300
2023-09-07,GOOG,134.600006,136.199997,133.960007,136.580002,16976000
2023-09-08,GOOG,135.869995,137.199997,135.869995,137.514999,17810700
2023-09-11,GOOG,137.380005,137.740005,136.550003,138.264008,17180800
2023-09-12,GOOG,137.130005,136.070007,135.929993,137.639999,15212900
2023-09-13,GOOG,135.899994,137.5,134.929993,137.699997,16394900
2023-09-14,GOOG,138.389999,138.990005,137.059998,139.550003,19064600
2023-09-15,GOOG,138.800003,138.300003,137.179993,139.360001,48947600
2023-09-18,GOOG,137.630005,138.960007,137.630005,139.929993,16233600
2023-09-19,GOOG,138.25,138.830002,137.5,139.175003,15479100
2023-09-20,GOOG,138.830002,134.589996,134.520004,138.839996,21473500
2023-09-21,GOOG,132.389999,131.360001,131.089996,133.190002,22042700
2023-09-22,GOOG,131.679993,131.25,130.509995,133.009995,17348700
2023-09-25,GOOG,130.770004,132.169998,130.029999,132.220001,14650000
2023-09-26,GOOG,130.914001,129.449997,128.190002,131.404999,20378800
2023-09-27,GOOG,129.440002,131.460007,129.380005,131.720001,18764200
2023-09-28,GOOG,130.690002,133.130005,130.690002,134.179993,18201400
2023-09-29,GOOG,134.080002,131.850006,131.320007,134.889999,23224200
2023-10-02,GOOG,132.154999,135.169998,132.065002,135.360001,19210400
2023-10-03,GOOG,134.929993,133.300003,132.815002,135.240005,19628700
2023-10-04,GOOG,133.660004,136.270004,133.429993,136.570007,22848000
2023-10-05,GOOG,136.130005,135.990005,134.455002,136.5,15922900
2023-10-06,GOOG,134.940002,138.729996,134.940002,139.186005,20819300
2023-10-09,GOOG,137.990005,139.5,136.699997,139.970001,16599100
2023-10-10,GOOG,139.509995,139.199997,138.429993,140.740005,19554900
2023-10-11,GOOG,139.850006,141.699997,139.839996,142.220001,20146300
2023-10-12,GOOG,142.160004,140.289993,139.449997,142.380005,18173100
2023-10-13,GOOG,140.649994,138.580002,137.970001,141.339996,19438700
2023-10-16,GOOG,139.729996,140.490005,139.320007,140.904999,17345600
2023-10-17,GOOG,140.029999,140.990005,138.529007,141.25,17424000
2023-10-18,GOOG,140.75,139.279999,138.705002,141.990005,18304900
2023-10-19,GOOG,139.800003,138.979996,138.600006,141.005005,21831200
2023-10-20,GOOG,138.589996,136.740005,136.244995,139.039993,24953900
2023-10-23,GOOG,136.229996,137.899994,135.110001,139.020004,20780700
2023-10-24,GOOG,139.160004,140.119995,138.75,140.710007,26535200
2023-10-25,GOOG,129.770004,126.669998,126.089996,130.100006,58796100
2023-10-26,GOOG,124.470001,123.440002,122.32,125.459999,33907400
2023-10-27,GOOG,124.029999,123.400002,121.459999,124.440002,37367700
2023-10-30,GOOG,124.459999,125.75,123.879997,126.550003,24165600
2023-10-31,GOOG,126.269997,125.300003,123.925003,126.559998,21123400
2023-11-01,GOOG,125.339996,127.57,124.925003,127.739998,26536600
2023-11-02,GOOG,129.559998,128.580002,128.110001,130.089996,24091700
2023-11-03,GOOG,129.089996,130.369995,129.009995,130.729996,19517900
2023-11-06,GOOG,130.220001,131.449997,129.929993,131.559998,15360400
2023-11-07,GOOG,131.979996,132.399994,131.139999,133.279999,19223800
2023-11-08,GOOG,132.360001,133.259995,132.160004,133.539993,15093600
2023-11-09,GOOG,133.360001,131.690002,131.509995,133.960007,17976500
2023-11-10,GOOG,131.529999,134.059998,130.869995,134.270004,20872900
2023-11-13,GOOG,133.360001,133.639999,132.770004,134.110001,16409900
2023-11-14,GOOG,135.649994,135.429993,135.100006,137.240005,22317300
2023-11-15,GOOG,136.639999,136.380005,135.330002,136.839996,15840900
2023-11-16,GOOG,136.960007,138.699997,136.080002,138.880005,17615100
2023-11-17,GOOG,137.820007,136.940002,135.479996,138,25565300
2023-11-20,GOOG,135.5,137.919998,135.490005,138.425003,19569400
2023-11-21,GOOG,137.940002,138.619995,137.705002,138.964996,17648100
2023-11-22,GOOG,139.100006,140.020004,139,141.100006,17306400
2023-11-24,GOOG,139.539993,138.220001,137.470001,139.677002,8828600
2023-11-27,GOOG,137.570007,138.050003,137.539993,139.630005,17886400
2023-11-28,GOOG,137.630005,138.619995,137.039993,138.660004,17046900
2023-11-29,GOOG,138.985001,136.399994,136.294998,139.669998,21014700
2023-11-30,GOOG,136.399994,133.919998,132.789993,136.960007,29913500
2023-12-01,GOOG,133.320007,133.320007,132.151993,133.5,24258400
2023-12-04,GOOG,131.294006,130.630005,129.399994,131.449997,24117100
2023-12-05,GOOG,130.369995,132.389999,129.729996,133.539993,19235100
2023-12-06,GOOG,132.899994,131.429993,131.309998,133.309998,16360600
2023-12-07,GOOG,136.600006,138.449997,136.229996,140,38419400
2023-12-08,GOOG,135.660004,136.639999,135.570007,137.990005,22990900
2023-12-11,GOOG,133.820007,134.699997,132.889999,134.789993,24502900
2023-12-12,GOOG,133.270004,133.639999,132.830002,134.539993,26584000
2023-12-13,GOOG,134.544998,133.970001,132.949997,134.779999,25414500
2023-12-14,GOOG,134.770004,133.199997,131.059998,135.035004,29619100
2023-12-15,GOOG,132.919998,133.839996,132.630005,134.830002,58569400
2023-12-18,GOOG,133.860001,137.190002,133.770004,138.380005,25699800
2023-12-19,GOOG,138,138.100006,137.449997,138.770004,20661000
2023-12-20,GOOG,140.330002,139.660004,139.410004,143.078003,33507300
2023-12-21,GOOG,140.770004,141.800003,140.473007,142.029999,18101500
2023-12-22,GOOG,142.130005,142.720001,142.054993,143.25,18494700
2023-12-26,GOOG,142.979996,142.820007,142.5,143.945007,11170100
2023-12-27,GOOG,142.830002,141.440002,141.050995,143.320007,17288400
2023-12-28,GOOG,141.850006,141.279999,140.828003,142.270004,12192500
2023-12-29,GOOG,140.679993,140.929993,139.899994,141.434998,14872700
2024-01-02,GOOG,139.600006,139.559998,137.740005,140.615005,20071900
2024-01-03,GOOG,138.600006,140.360001,138.429993,141.089996,18974300
2024-01-04,GOOG,139.850006,138.039993,138.009995,140.634995,18253300
2024-01-05,GOOG,138.352005,137.389999,136.850006,138.809998,15433200
2024-01-08,GOOG,138,140.529999,137.880005,140.639999,17645300
2024-01-09,GOOG,140.059998,142.559998,139.789993,142.800003,19579700
2024-01-10,GOOG,142.520004,143.800003,142.460007,144.524994,16641900
2024-01-11,GOOG,144.895004,143.669998,142.214996,146.660004,17471100
2024-01-12,GOOG,144.339996,144.240005,143.360001,144.740005,13995200
2024-01-16,GOOG,143.429993,144.080002,143.056,145.839996,19198900
2024-01-17,GOOG,142.910004,142.889999,140.509995,143.410004,17884500
2024-01-18,GOOG,143.440002,144.990005,143.350006,145.585007,18876800
2024-01-19,GOOG,146.304993,147.970001,145.800003,148.039993,27170900
2024-01-22,GOOG,148.710007,147.710007,147.580002,150.014999,21829200
2024-01-23,GOOG,147.720001,148.679993,147.190002,148.860001,14113600
2024-01-24,GOOG,150.289993,150.350006,149.839996,151.570007,19245000
2024-01-25,GOOG,151.740005,153.639999,151.220001,154.759995,21495100
2024-01-26,GOOG,152.869995,153.789993,152.800003,154.110001,19494500
2024-01-29,GOOG,153.639999,154.839996,152.919998,155.199997,20909300
2024-01-30,GOOG,154.009995,153.050003,152.774994,155.039993,26578900
2024-01-31,GOOG,145.389999,141.800003,141.550003,145.589996,43908600
2024-02-01,GOOG,143.690002,142.710007,142.259995,144.619995,25526900
2024-02-02,GOOG,140.889999,143.539993,138.169998,143.880005,42116900
2024-02-05,GOOG,144.039993,144.929993,143.910004,146.669998,29254400
2024-02-06,GOOG,145.960007,145.410004,144.520004,146.740005,21517700
2024-02-07,GOOG,146.119995,146.679993,145.210007,147,21436100
2024-02-08,GOOG,146.970001,147.220001,146.419998,147.610001,18241300
2024-02-09,GOOG,147.949997,150.220001,147.429993,150.695007,21877700
2024-02-12,GOOG,149.539993,148.729996,148.559998,150.589996,17236100
2024-02-13,GOOG,146.070007,146.369995,145.110001,148.039993,18138500
2024-02-14,GOOG,147.369995,147.139999,145.554993,147.830002,16651800
2024-02-15,GOOG,144.460007,143.940002,141.880005,144.759995,26724300
2024-02-16,GOOG,144.210007,141.759995,141.520004,144.479996,21849700
2024-02-20,GOOG,140.940002,142.199997,140.800003,143.328995,18625600
2024-02-21,GOOG,142.639999,143.839996,141.910004,143.979996,16499600
2024-02-22,GOOG,146.119995,145.320007,144.009995,146.199997,23024700
2024-02-23,GOOG,144.970001,145.289993,144.789993,145.955002,14519400
2024-02-26,GOOG,143.449997,138.75,138.740005,143.839996,33513000
2024-02-27,GOOG,139.410004,140.100006,138.5,140.490005,22364000
2024-02-28,GOOG,139.100006,137.429993,136.639999,139.279999,30628700
2024-02-29,GOOG,138.350006,139.779999,137.570007,139.949997,35485000
2024-03-01,GOOG,139.610001,138.080002,137.975006,140,28522000
2024-03-04,GOOG,136.539993,134.199997,132.860001,136.630005,43571500
2024-03-05,GOOG,132.740005,133.779999,131.550003,134.020004,28447600
2024-03-06,GOOG,134.240005,132.559998,131.949997,134.740005,23175200
2024-03-07,GOOG,133.889999,135.240005,132.660004,135.820007,24107300
2024-03-08,GOOG,135.035004,136.289993,134.800003,138.985001,26472400
2024-03-11,GOOG,137.070007,138.940002,137.070007,139.979996,22536400
2024-03-12,GOOG,138.25,139.619995,138.210007,140.279999,19019700
2024-03-13,GOOG,140.059998,140.770004,140.009995,142.190002,19637000
2024-03-14,GOOG,142.300003,144.339996,141.485001,144.729996,36117900
2024-03-15,GOOG,143.410004,142.169998,141.130005,144.339996,41025900
2024-03-18,GOOG,149.369995,148.479996,148.139999,152.929993,47676700
2024-03-19,GOOG,148.979996,147.919998,147.009995,149.619995,17748400
2024-03-20,GOOG,148.789993,149.679993,147.664993,149.759995,17730000
2024-03-21,GOOG,150.320007,148.740005,148.009995,151.304993,19843900
2024-03-22,GOOG,150.240005,151.770004,150.089996,152.559998,19226300
2024-03-25,GOOG,150.949997,151.149994,148.800003,151.455994,15114700
2024-03-26,GOOG,151.240005,151.699997,151.029999,153.199997,19312700
2024-03-27,GOOG,152.145004,151.940002,150.130005,152.690002,16622000
2024-03-28,GOOG,152,152.259995,151.330002,152.669998,21105600
2024-04-01,GOOG,151.830002,156.5,151.649994,157,24469800
2024-04-02,GOOG,154.75,155.869995,153.460007,155.990005,17598100
2024-04-03,GOOG,154.919998,156.369995,154.132004,156.550003,17266200
2024-04-04,GOOG,155.080002,151.940002,151.880005,156.179993,24184800
2024-04-05,GOOG,151.679993,153.940002,151.080994,154.839996,16289800
2024-04-08,GOOG,154.014999,156.139999,153.990005,156.654999,16641500
2024-04-09,GOOG,157.350006,158.139999,156.639999,159.889999,21538100
2024-04-10,GOOG,157.880005,157.660004,156.199997,158.160004,16339200
2024-04-11,GOOG,158.339996,160.789993,157.929993,161.119995,17841700
2024-04-12,GOOG,159.404999,159.190002,158.600006,161.699997,16968200
2024-04-15,GOOG,160.279999,156.330002,156.149994,160.830002,21140900
2024-04-16,GOOG,155.639999,156,155.050003,157.229996,15413200
2024-04-17,GOOG,157.190002,156.880005,156.134995,158.681,16237800
2024-04-18,GOOG,156.925003,157.460007,156.210007,158.485001,14016100
2024-04-19,GOOG,157.75,155.720001,153.910004,157.990005,20063900
2024-04-22,GOOG,156.009995,157.949997,155.660004,159.184998,17243900
2024-04-23,GOOG,158.589996,159.919998,157.964996,160.479996,16115400
2024-04-24,GOOG,159.089996,161.100006,158.820007,161.389999,19485700
2024-04-25,GOOG,153.360001,157.949997,152.768005,158.279999,36197800
2024-04-26,GOOG,175.990005,173.690002,171.399994,176.419998,56500800
2024-04-29,GOOG,170.770004,167.899994,167.059998,171.380005,35914600
2024-04-30,GOOG,167.380005,164.639999,164.5,169.869995,29420800
2024-05-01,GOOG,166.179993,165.570007,164.899994,168.809998,25223200
2024-05-02,GOOG,166.669998,168.460007,165.690002,168.529999,17041100
2024-05-03,GOOG,169.539993,168.990005,164.979996,169.850006,22767100
2024-05-06,GOOG,169.220001,169.830002,167.889999,169.899994,15147900
2024-05-07,GOOG,170.119995,172.979996,170,173.470001,21102400
2024-05-08,GOOG,170.75,171.160004,170.522003,171.908997,14569900
2024-05-09,GOOG,171.149994,171.580002,169.929993,172.440002,11937700
2024-05-10,GOOG,169.690002,170.289993,167.910004,171.339996,18740500
2024-05-13,GOOG,165.847,170.899994,165.759995,170.949997,19648600
2024-05-14,GOOG,171.589996,171.929993,170.419998,172.779999,18729500
2024-05-15,GOOG,172.300003,173.880005,172.029999,174.046005,20958200
2024-05-16,GOOG,174.600006,175.429993,174.050003,176.339996,17247300
2024-05-17,GOOG,175.550003,177.289993,174.979996,177.494995,16546400
2024-05-20,GOOG,177.309998,178.460007,177.225006,179.949997,17495100
2024-05-21,GOOG,178.399994,179.539993,177.309998,179.820007,14706000
2024-05-22,GOOG,178.399994,178,176.779999,178.852005,16189400
2024-05-23,GOOG,178.779999,175.059998,174.539993,179.910004,14928400
2024-05-24,GOOG,176.520004,176.330002,175.199997,177.304001,11400600
2024-05-28,GOOG,175.740005,178.020004,175.679993,178.509995,15655300
2024-05-29,GOOG,176.809998,177.399994,176.259995,178.229996,15023800
2024-05-30,GOOG,176.690002,173.559998,173.229996,176.690002,18844000
2024-05-31,GOOG,173.399994,173.960007,170.970001,174.419998,28085200
2024-06-03,GOOG,173.880005,174.419998,172.449997,175.860001,20742800
2024-06-04,GOOG,174.449997,175.130005,173.220001,175.190002,14066600
2024-06-05,GOOG,176.535004,177.070007,175.289993,177.970001,15233900
2024-06-06,GOOG,177.429993,178.350006,177.210007,178.710007,14255800
2024-06-07,GOOG,178.460007,175.949997,175.789993,179.419998,14716300
2024-06-10,GOOG,176.449997,176.630005,174.380005,178.470001,17122200
2024-06-11,GOOG,177.720001,178.190002,175.440002,178.389999,14402400
2024-06-12,GOOG,179.75,179.559998,177.779999,182.080002,18600400
2024-06-13,GOOG,177.839996,176.740005,176.660004,178.509995,15956900
2024-06-14,GOOG,175.852005,178.369995,175.852005,178.729996,12361600
2024-06-17,GOOG,176.979996,178.779999,176.490005,179.919998,15272900
2024-06-18,GOOG,178.789993,176.449997,175.619995,178.910004,15640300
2024-06-20,GOOG,176.710007,177.710007,176.460007,178.740005,16753200
2024-06-21,GOOG,178.490005,180.259995,178.059998,182.511993,59728000
2024-06-24,GOOG,181.279999,180.789993,180.229996,182.080002,18198300
2024-06-25,GOOG,181.145004,185.580002,181.104996,185.75,18917700
2024-06-26,GOOG,184.199997,185.369995,183.990005,185.929993,13375700
2024-06-27,GOOG,185.645004,186.860001,185.449997,187.5,13025700
2024-06-28,GOOG,185.720001,183.419998,183.324997,186.580002,23032400
2024-07-01,GOOG,184.479996,184.490005,182.729996,185.339996,11815900
2024-07-02,GOOG,183.470001,186.610001,183.059998,186.949997,12555500
2024-07-03,GOOG,186.300003,187.389999,185.384995,187.619995,7409100
2024-07-05,GOOG,187.320007,191.960007,187.320007,192.259995,14303400
2024-07-08,GOOG,191.365005,190.479996,189.320007,191.679001,12097600
2024-07-09,GOOG,191.75,190.440002,190.229996,192.860001,10198500
2024-07-10,GOOG,190.75,192.660004,190.619995,193.309998,12042400
2024-07-11,GOOG,191.389999,190.919998,190.919998,192.410004,2316683
2024-07-12,GOOG,186.919998,186.779999,186.139999,188.690002,14429100
